Unnamed: 0.1,Unnamed: 0,ID,MTS,Sequence,DDG,DDG_JanusDDG
0,0,1A23A,C30S_C33S,AQYEDGKQYTTLEKPVAGAPQVLEFFSFFCPHCYQFEEVLHISDNVKKKLPEGVKMTKYHVNFMGGDLGKDLTQAWAVAMALGVEDKVTVPLFEGVQKTQTIRSASDIRDVFINAGIKGEEYDAAWNSFVVKSLVAQQEKAAADVQLRGVPAMFVNGKYQLNPQGMDTSNMDVFVQQYADTVKYLSEKK,-2.0,-1.4395422
1,1,1ACBI,L20A_V47A,KSFPEVVGKTVDQAREYFTLHYPQYDVYFLPEGSPVTLDLRYNRVRVFYNPGTNVVNHVPHVG,-1.97,-2.7691593
2,2,1ACBI,V7A_V11A,KSFPEVVGKTVDQAREYFTLHYPQYDVYFLPEGSPVTLDLRYNRVRVFYNPGTNVVNHVPHVG,-2.519,-2.029947
3,3,1ACBI,V47A_V55A,KSFPEVVGKTVDQAREYFTLHYPQYDVYFLPEGSPVTLDLRYNRVRVFYNPGTNVVNHVPHVG,-2.867,-2.9443045
4,4,1AG2A,D55N_M6N,GLGGYMLGSAMSRPMIHFGNDWEDRYYRENMYRYPNQVYYRPVDQYSNQNNFVHDCVNITIKQHTVTTTTKGENFTETDVKMMERVVEQMCVTQYQKESQAYY,-1.72,-1.8927573
5,5,1AG2A,D55N_M6V,GLGGYMLGSAMSRPMIHFGNDWEDRYYRENMYRYPNQVYYRPVDQYSNQNNFVHDCVNITIKQHTVTTTTKGENFTETDVKMMERVVEQMCVTQYQKESQAYY,-1.91,-0.9747271
6,6,1AJ3A,W13Y_S65L,HQFFRDMDDEESWIKEKKLLVSSEDYGRDLTGVQNLRKKHKRLEAELAAHEPAIQGVLDTGKKLSDDNTIGKEEIQQRLAQFVDHWKELKQLAAARGQ,-0.575,1.9871333
7,7,1AM7A,H31N_H137N,MVEINNQRKAFLDMLAWSEGTDNGRQKTRNHGYDVIVGGELFTDYSDHPRKLVTLNPKLKSTGAGRYQLLSRWWDAYRKQLGLKDFSPKSQDAVALQQIKERGALPMIDRGDIRQAIDRCSNIWASLPGAGYGQFEHKADSLIAKFKEAGGTVR,1.8,-1.792008
8,8,1AMQA,K63E_E253K,MFENITAAPADPILGLADLFRADERPGKINLGIGVYKDETGKTPVLTSVKKAEQYLLENETTKNYLGIDGIPEFGRCTQELLFGKGSALINDKRARTAQTPGGTGALRVAADFLAKNTSVKRVWVSNPSWPNHKSVFNSAGLEVREYAYYDAENHTLDFDALINSLNEAQAGDVVLFHGCCHNPTGIDPTLEQWQTLAQLSVEKGWLPLFDFAYQGFARGLEEDAEGLRAFAAMHKELIVASSYSKNFGLYNERVGACTLVAADSETVDRAFSQMKAAIRANYSNPPAHGASVVATILSNDALRAIWEQELTDMRQRIQRMRQLFVNTLQEKGANRDFSFIIKQNGMFSFSGLTKEQVLRLREEFGVYAVASGRVNVAGMTPDNMAPLCEAIVAVL,-0.092603573,-1.1886312
9,9,1AMQA,K63M_E253Q,MFENITAAPADPILGLADLFRADERPGKINLGIGVYKDETGKTPVLTSVKKAEQYLLENETTKNYLGIDGIPEFGRCTQELLFGKGSALINDKRARTAQTPGGTGALRVAADFLAKNTSVKRVWVSNPSWPNHKSVFNSAGLEVREYAYYDAENHTLDFDALINSLNEAQAGDVVLFHGCCHNPTGIDPTLEQWQTLAQLSVEKGWLPLFDFAYQGFARGLEEDAEGLRAFAAMHKELIVASSYSKNFGLYNERVGACTLVAADSETVDRAFSQMKAAIRANYSNPPAHGASVVATILSNDALRAIWEQELTDMRQRIQRMRQLFVNTLQEKGANRDFSFIIKQNGMFSFSGLTKEQVLRLREEFGVYAVASGRVNVAGMTPDNMAPLCEAIVAVL,0.290159094,-0.19629657
10,10,1AQHA,Q58C_A99C,TPTTFVHLFEWNWQDVAQECEQYLGPKGYAAVQVSPPNEHITGSQWWTRYQPVSYELQSRGGNRAQFIDMVNRCSAAGVDIYVDTLINHMAAGSGTGTAGNSFGNKSFPIYSPQDFHESCTINNSDYGNDRYRVQNCELVGLADLDTASNYVQNTIAAYINDLQAIGVKGFRFDASKHVAASDIQSLMAKVNGSPVVFQEVIDQGGEAVGASEYLSTGLVTEFKYSTELGNTFRNGSLAWLSNFGEGWGFMPSSSAVVFVDNHDNQRGHGGAGNVITFEDGRLYDLANVFMLAYPYGYPKVMSSYDFHGDTDAGGPNVPVHNNGNLECFASNWKCEHRWSYIAGGVDFRNNTADNWAVTNWWDNTNNQISFGRGSSGHMAINKEDSTLTATVQTDMASGQYCNVLKGELSADAKSCSGEVITVNSDGTINLNIGAWDAMAIHKNAKLN,1.87,-0.5753314
11,11,1ARRA,L12R_R13T,MKGMSKMPQFNLRWPREVLDLVRKVAEENGRSVNSEIYQRVMESFKKEGRIGA,-1.8,-3.0883615
12,12,1AV1A,D60A_D61A,MLKLLDNWDSVTSTFSKLREQLGPVTQEFWDNLEKETEGLRQEMSKDLEEVKAKVQPYLDDFQKKWQEEMELYRQKVEPLRAELQEGARQKLHELQEKLSPLGEEMRDRARAHVDALRTHLAPYSDELRQRLAARLEALKENGGARLAEYHAKATEHLSTLSEKAKPALEDLRQGLLPVLESFKVSFLSALEEYTKKLNTQ,-1.05,-0.60085475
13,13,1AV1A,E68A_E69A,MLKLLDNWDSVTSTFSKLREQLGPVTQEFWDNLEKETEGLRQEMSKDLEEVKAKVQPYLDDFQKKWQEEMELYRQKVEPLRAELQEGARQKLHELQEKLSPLGEEMRDRARAHVDALRTHLAPYSDELRQRLAARLEALKENGGARLAEYHAKATEHLSTLSEKAKPALEDLRQGLLPVLESFKVSFLSALEEYTKKLNTQ,-0.75,-0.8174826
14,14,1AV1A,R74V_K76A,MLKLLDNWDSVTSTFSKLREQLGPVTQEFWDNLEKETEGLRQEMSKDLEEVKAKVQPYLDDFQKKWQEEMELYRQKVEPLRAELQEGARQKLHELQEKLSPLGEEMRDRARAHVDALRTHLAPYSDELRQRLAARLEALKENGGARLAEYHAKATEHLSTLSEKAKPALEDLRQGLLPVLESFKVSFLSALEEYTKKLNTQ,-0.25,-0.42749137
15,15,1AV1A,R118V_H120A,MLKLLDNWDSVTSTFSKLREQLGPVTQEFWDNLEKETEGLRQEMSKDLEEVKAKVQPYLDDFQKKWQEEMELYRQKVEPLRAELQEGARQKLHELQEKLSPLGEEMRDRARAHVDALRTHLAPYSDELRQRLAARLEALKENGGARLAEYHAKATEHLSTLSEKAKPALEDLRQGLLPVLESFKVSFLSALEEYTKKLNTQ,-0.5,-0.0057097897
16,16,1B5MA,R13H_E18S,AVTYYRLEEVAKRNTAEETWMVIHGRVYDITRFLSEHPGGEEVLLEQAGADATESFEDVGHSPDAREMLKQYYIGDVHPNDLKP,1.25,0.8419082
17,17,1BCXA,S100C_N148C,ASTDYWQNWTDGGGIVNAVNGSGGNYSVNWSNTGNFVVGKGWTTGSPFRTINYNAGVWAPNGNGYLTLYGWTRSPLIEYYVVDSWGTYRPTGTYKGTVKSDGGTYDIYTTTRYNAPSIDGDRTTFTQYWSVRQSKRPTGSNATITFTNHVNAWKSHGMNLGSNWAYQVMATCGYQSSGSSNVTVW,1.67,1.2162063
18,18,1BCXA,V98C_A152C,ASTDYWQNWTDGGGIVNAVNGSGGNYSVNWSNTGNFVVGKGWTTGSPFRTINYNAGVWAPNGNGYLTLYGWTRSPLIEYYVVDSWGTYRPTGTYKGTVKSDGGTYDIYTTTRYNAPSIDGDRTTFTQYWSVRQSKRPTGSNATITFTNHVNAWKSHGMNLGSNWAYQVMATCGYQSSGSSNVTVW,-7.525,0.9327483
19,19,1BNIA,A41C_S78C,VINTFDGVADYLQTYHKLPDNYITKSEAQALGWVASKGNLADVAPGKSIGGDIFSNREGKLPGKSGRTWREADINYTSGFRNSDRILYSSDWLIYKTTDHYQTFTKIR,-0.64,0.42785317
20,20,1BNIA,D10A_R108A,VINTFDGVADYLQTYHKLPDNYITKSEAQALGWVASKGNLADVAPGKSIGGDIFSNREGKLPGKSGRTWREADINYTSGFRNSDRILYSSDWLIYKTTDHYQTFTKIR,-0.72,-0.18029028
21,21,1BNIA,D10A_T14R,VINTFDGVADYLQTYHKLPDNYITKSEAQALGWVASKGNLADVAPGKSIGGDIFSNREGKLPGKSGRTWREADINYTSGFRNSDRILYSSDWLIYKTTDHYQTFTKIR,-0.13,0.18562636
22,22,1BNIA,R81K_D73N,VINTFDGVADYLQTYHKLPDNYITKSEAQALGWVASKGNLADVAPGKSIGGDIFSNREGKLPGKSGRTWREADINYTSGFRNSDRILYSSDWLIYKTTDHYQTFTKIR,-5.4,-3.049615
23,23,1BNIA,D6A_D10A,VINTFDGVADYLQTYHKLPDNYITKSEAQALGWVASKGNLADVAPGKSIGGDIFSNREGKLPGKSGRTWREADINYTSGFRNSDRILYSSDWLIYKTTDHYQTFTKIR,-0.585,0.3360017
24,24,1BNIA,D6A_R108A,VINTFDGVADYLQTYHKLPDNYITKSEAQALGWVASKGNLADVAPGKSIGGDIFSNREGKLPGKSGRTWREADINYTSGFRNSDRILYSSDWLIYKTTDHYQTFTKIR,-0.47,-0.4377831
25,25,1BNIA,D6A_V8A,VINTFDGVADYLQTYHKLPDNYITKSEAQALGWVASKGNLADVAPGKSIGGDIFSNREGKLPGKSGRTWREADINYTSGFRNSDRILYSSDWLIYKTTDHYQTFTKIR,-1.13,-0.82381314
26,26,1BNIA,H16A_W92L,VINTFDGVADYLQTYHKLPDNYITKSEAQALGWVASKGNLADVAPGKSIGGDIFSNREGKLPGKSGRTWREADINYTSGFRNSDRILYSSDWLIYKTTDHYQTFTKIR,-2.3,-1.3414268
27,27,1BNIA,H16G_W92L,VINTFDGVADYLQTYHKLPDNYITKSEAQALGWVASKGNLADVAPGKSIGGDIFSNREGKLPGKSGRTWREADINYTSGFRNSDRILYSSDWLIYKTTDHYQTFTKIR,0.33,-0.39487416
28,28,1BNIA,H16K_W92L,VINTFDGVADYLQTYHKLPDNYITKSEAQALGWVASKGNLADVAPGKSIGGDIFSNREGKLPGKSGRTWREADINYTSGFRNSDRILYSSDWLIYKTTDHYQTFTKIR,-2.7,-1.105608
29,29,1BNIA,H16N_W92L,VINTFDGVADYLQTYHKLPDNYITKSEAQALGWVASKGNLADVAPGKSIGGDIFSNREGKLPGKSGRTWREADINYTSGFRNSDRILYSSDWLIYKTTDHYQTFTKIR,-1.7,-1.0491247
30,30,1BNIA,H16R_W92L,VINTFDGVADYLQTYHKLPDNYITKSEAQALGWVASKGNLADVAPGKSIGGDIFSNREGKLPGKSGRTWREADINYTSGFRNSDRILYSSDWLIYKTTDHYQTFTKIR,-1.6,-1.2764997
31,31,1BNIA,H16S_W92L,VINTFDGVADYLQTYHKLPDNYITKSEAQALGWVASKGNLADVAPGKSIGGDIFSNREGKLPGKSGRTWREADINYTSGFRNSDRILYSSDWLIYKTTDHYQTFTKIR,-2.8,-1.3873091
32,32,1BNIA,I2A_I49V,VINTFDGVADYLQTYHKLPDNYITKSEAQALGWVASKGNLADVAPGKSIGGDIFSNREGKLPGKSGRTWREADINYTSGFRNSDRILYSSDWLIYKTTDHYQTFTKIR,-2.63,-1.6279659
33,33,1BNIA,I2A_I74V,VINTFDGVADYLQTYHKLPDNYITKSEAQALGWVASKGNLADVAPGKSIGGDIFSNREGKLPGKSGRTWREADINYTSGFRNSDRILYSSDWLIYKTTDHYQTFTKIR,-1.86,-0.9480971
34,34,1BNIA,I2A_Y76F,VINTFDGVADYLQTYHKLPDNYITKSEAQALGWVASKGNLADVAPGKSIGGDIFSNREGKLPGKSGRTWREADINYTSGFRNSDRILYSSDWLIYKTTDHYQTFTKIR,-2.53,-1.0940359
35,35,1BNIA,R67S_D91N,VINTFDGVADYLQTYHKLPDNYITKSEAQALGWVASKGNLADVAPGKSIGGDIFSNREGKLPGKSGRTWREADINYTSGFRNSDRILYSSDWLIYKTTDHYQTFTKIR,-3.49,-3.5054364
36,36,1BNIA,S83C_H100C,VINTFDGVADYLQTYHKLPDNYITKSEAQALGWVASKGNLADVAPGKSIGGDIFSNREGKLPGKSGRTWREADINYTSGFRNSDRILYSSDWLIYKTTDHYQTFTKIR,-5.95,-1.1886308
37,37,1BNIA,Y15A_T14A,VINTFDGVADYLQTYHKLPDNYITKSEAQALGWVASKGNLADVAPGKSIGGDIFSNREGKLPGKSGRTWREADINYTSGFRNSDRILYSSDWLIYKTTDHYQTFTKIR,-1.92,-2.2159886
38,38,1BNIA,T14S_Y15A,VINTFDGVADYLQTYHKLPDNYITKSEAQALGWVASKGNLADVAPGKSIGGDIFSNREGKLPGKSGRTWREADINYTSGFRNSDRILYSSDWLIYKTTDHYQTFTKIR,-2.47,-2.4676785
39,39,1BNIA,T24H_D52N,VINTFDGVADYLQTYHKLPDNYITKSEAQALGWVASKGNLADVAPGKSIGGDIFSNREGKLPGKSGRTWREADINYTSGFRNSDRILYSSDWLIYKTTDHYQTFTKIR,-5.005,-2.1697798
40,40,1BNIA,Y11A_Y15A,VINTFDGVADYLQTYHKLPDNYITKSEAQALGWVASKGNLADVAPGKSIGGDIFSNREGKLPGKSGRTWREADINYTSGFRNSDRILYSSDWLIYKTTDHYQTFTKIR,2.23,-3.1308122
41,41,1BNIA,Y11F_Y15F,VINTFDGVADYLQTYHKLPDNYITKSEAQALGWVASKGNLADVAPGKSIGGDIFSNREGKLPGKSGRTWREADINYTSGFRNSDRILYSSDWLIYKTTDHYQTFTKIR,-1.23,-1.0452087
42,42,1BPIA,C30A_C51A,RPDFCLEPPYTGPCKARIIRYFYNAKAGLCQTFVYGGCRAKRNNFKSAEDCMRTCGGA,-6.14,-4.2732406
43,43,1BPIA,C30A_C51S,RPDFCLEPPYTGPCKARIIRYFYNAKAGLCQTFVYGGCRAKRNNFKSAEDCMRTCGGA,-8.93,-4.325781
44,44,1BPIA,C30G_C51A,RPDFCLEPPYTGPCKARIIRYFYNAKAGLCQTFVYGGCRAKRNNFKSAEDCMRTCGGA,-8.74,-4.07343
45,45,1BPIA,C30S_C51A,RPDFCLEPPYTGPCKARIIRYFYNAKAGLCQTFVYGGCRAKRNNFKSAEDCMRTCGGA,-8.0,-4.3336344
46,46,1BPIA,C30T_C51A,RPDFCLEPPYTGPCKARIIRYFYNAKAGLCQTFVYGGCRAKRNNFKSAEDCMRTCGGA,-7.81,-4.339198
47,47,1BPIA,C30V_C51A,RPDFCLEPPYTGPCKARIIRYFYNAKAGLCQTFVYGGCRAKRNNFKSAEDCMRTCGGA,-5.95,-4.0552425
48,48,1BRFA,A1K_I23V,AKWVCKICGYIYDEDAGDPDNGISPGTKFEELPDDWVCPICGAPKSEFEKLED,-0.55,-1.1270442
49,49,1BRFA,A1K_L32I,AKWVCKICGYIYDEDAGDPDNGISPGTKFEELPDDWVCPICGAPKSEFEKLED,-0.88,-1.8925357
50,50,1BVCA,G23A_G25A,VLSEGEWQLVLHVWAKVEADVAGHGQDILIRLFKSHPETLEKFDRFKHLKTEAEMKASEDLKKHGVTVLTALGAILKKKGHHEAELKPLAQSHATKHKIPIKYLEFISEAIIHVLHSRHPGDFGADAQGAMNKALELFRKDIAAKYKELGYQG,0.76,0.48342285
51,51,1BVCA,V66A_G23A,VLSEGEWQLVLHVWAKVEADVAGHGQDILIRLFKSHPETLEKFDRFKHLKTEAEMKASEDLKKHGVTVLTALGAILKKKGHHEAELKPLAQSHATKHKIPIKYLEFISEAIIHVLHSRHPGDFGADAQGAMNKALELFRKDIAAKYKELGYQG,-0.45,0.19733115
52,52,1BVCA,G65A_G73A,VLSEGEWQLVLHVWAKVEADVAGHGQDILIRLFKSHPETLEKFDRFKHLKTEAEMKASEDLKKHGVTVLTALGAILKKKGHHEAELKPLAQSHATKHKIPIKYLEFISEAIIHVLHSRHPGDFGADAQGAMNKALELFRKDIAAKYKELGYQG,-0.125,0.1669279
53,53,1BVCA,H24V_H119F,VLSEGEWQLVLHVWAKVEADVAGHGQDILIRLFKSHPETLEKFDRFKHLKTEAEMKASEDLKKHGVTVLTALGAILKKKGHHEAELKPLAQSHATKHKIPIKYLEFISEAIIHVLHSRHPGDFGADAQGAMNKALELFRKDIAAKYKELGYQG,0.575,-0.22680172
54,54,1BVCA,L11A_V66A,VLSEGEWQLVLHVWAKVEADVAGHGQDILIRLFKSHPETLEKFDRFKHLKTEAEMKASEDLKKHGVTVLTALGAILKKKGHHEAELKPLAQSHATKHKIPIKYLEFISEAIIHVLHSRHPGDFGADAQGAMNKALELFRKDIAAKYKELGYQG,0.57,-0.5254147
55,55,1BVCA,N132G_E136G,VLSEGEWQLVLHVWAKVEADVAGHGQDILIRLFKSHPETLEKFDRFKHLKTEAEMKASEDLKKHGVTVLTALGAILKKKGHHEAELKPLAQSHATKHKIPIKYLEFISEAIIHVLHSRHPGDFGADAQGAMNKALELFRKDIAAKYKELGYQG,-0.3,-1.7620509
56,56,1BVCA,G129A_V114A,VLSEGEWQLVLHVWAKVEADVAGHGQDILIRLFKSHPETLEKFDRFKHLKTEAEMKASEDLKKHGVTVLTALGAILKKKGHHEAELKPLAQSHATKHKIPIKYLEFISEAIIHVLHSRHPGDFGADAQGAMNKALELFRKDIAAKYKELGYQG,-0.92,0.847911
57,57,1BVCA,V66A_V13A,VLSEGEWQLVLHVWAKVEADVAGHGQDILIRLFKSHPETLEKFDRFKHLKTEAEMKASEDLKKHGVTVLTALGAILKKKGHHEAELKPLAQSHATKHKIPIKYLEFISEAIIHVLHSRHPGDFGADAQGAMNKALELFRKDIAAKYKELGYQG,-0.86,-0.081065595
58,58,1BVCA,G129A_V66A,VLSEGEWQLVLHVWAKVEADVAGHGQDILIRLFKSHPETLEKFDRFKHLKTEAEMKASEDLKKHGVTVLTALGAILKKKGHHEAELKPLAQSHATKHKIPIKYLEFISEAIIHVLHSRHPGDFGADAQGAMNKALELFRKDIAAKYKELGYQG,-1.36,0.50862366
59,59,1BVCA,V66A_L135A,VLSEGEWQLVLHVWAKVEADVAGHGQDILIRLFKSHPETLEKFDRFKHLKTEAEMKASEDLKKHGVTVLTALGAILKKKGHHEAELKPLAQSHATKHKIPIKYLEFISEAIIHVLHSRHPGDFGADAQGAMNKALELFRKDIAAKYKELGYQG,4.79,-3.0549603
60,60,1BVCA,V66A_L137A,VLSEGEWQLVLHVWAKVEADVAGHGQDILIRLFKSHPETLEKFDRFKHLKTEAEMKASEDLKKHGVTVLTALGAILKKKGHHEAELKPLAQSHATKHKIPIKYLEFISEAIIHVLHSRHPGDFGADAQGAMNKALELFRKDIAAKYKELGYQG,0.42,-0.15472384
61,61,1BVCA,V66A_L149A,VLSEGEWQLVLHVWAKVEADVAGHGQDILIRLFKSHPETLEKFDRFKHLKTEAEMKASEDLKKHGVTVLTALGAILKKKGHHEAELKPLAQSHATKHKIPIKYLEFISEAIIHVLHSRHPGDFGADAQGAMNKALELFRKDIAAKYKELGYQG,0.97,-0.59363353
62,62,1BVCA,V66A_V114A,VLSEGEWQLVLHVWAKVEADVAGHGQDILIRLFKSHPETLEKFDRFKHLKTEAEMKASEDLKKHGVTVLTALGAILKKKGHHEAELKPLAQSHATKHKIPIKYLEFISEAIIHVLHSRHPGDFGADAQGAMNKALELFRKDIAAKYKELGYQG,0.62,0.1556357
63,63,1C2RA,K14E_K32E,GDAAKGEKEFNKCKTCHSIIAPDGTEIVKGAKTGPNLYGVVGRTAGTYPEFKYKDSIVALGASGFAWTEEDIATYVKDPGAFLKEKLDDKKAKTGMAFKLAKGGEDVAAYLASVVK,-0.8,-0.3396542
64,64,1C9OA,E46A_L66E,MQRGKVKWFNNEKGYGFIEVEGGSDVFVHFTAIQGEGFKTLEEGQEVSFEIVQGNRGPQAANVVKL,-0.84,-1.4327091
65,65,1C9OA,E50W_L66C,MQRGKVKWFNNEKGYGFIEVEGGSDVFVHFTAIQGEGFKTLEEGQEVSFEIVQGNRGPQAANVVKL,-6.6,-1.4129274
66,66,1C9OA,F38W_L66C,MQRGKVKWFNNEKGYGFIEVEGGSDVFVHFTAIQGEGFKTLEEGQEVSFEIVQGNRGPQAANVVKL,-0.985,-0.9361528
67,67,1C9OA,G23Q_S24D,MQRGKVKWFNNEKGYGFIEVEGGSDVFVHFTAIQGEGFKTLEEGQEVSFEIVQGNRGPQAANVVKL,0.07,-0.60329074
68,68,1C9OA,F38W_N11C,MQRGKVKWFNNEKGYGFIEVEGGSDVFVHFTAIQGEGFKTLEEGQEVSFEIVQGNRGPQAANVVKL,-1.2,0.5483222
69,69,1C9OA,E50W_Q2C,MQRGKVKWFNNEKGYGFIEVEGGSDVFVHFTAIQGEGFKTLEEGQEVSFEIVQGNRGPQAANVVKL,0.2,-0.4076261
70,70,1C9OA,R3E_E21A,MQRGKVKWFNNEKGYGFIEVEGGSDVFVHFTAIQGEGFKTLEEGQEVSFEIVQGNRGPQAANVVKL,-2.7,-2.0762842
71,71,1C9OA,R3E_E46A,MQRGKVKWFNNEKGYGFIEVEGGSDVFVHFTAIQGEGFKTLEEGQEVSFEIVQGNRGPQAANVVKL,-0.43,-1.6801805
72,72,1C9OA,R3E_L66E,MQRGKVKWFNNEKGYGFIEVEGGSDVFVHFTAIQGEGFKTLEEGQEVSFEIVQGNRGPQAANVVKL,-1.94,-3.0005527
73,73,1C9OA,E50W_S24C,MQRGKVKWFNNEKGYGFIEVEGGSDVFVHFTAIQGEGFKTLEEGQEVSFEIVQGNRGPQAANVVKL,-0.75,-0.48774707
74,74,1CAHA,I253C_C203S,HHWGYGKHNGPEHWHKDFPIAKGERQSPVDIDTHTAKYDPSLKPLSVSYDQATSLRILNNGHAFNVEFDDSQDKAVLKGGPLDGTYRLIQFHFHWGSLDGQGSEHTVDKKKYAAELHLVHWNTKYGDFGKAVQQPDGLAVLGIFLKVGSAKPGLQKVVDVLDSIKTKGKSADFTNFDPRGLLPESLDYWTYPGSLTTPPLLECVTWIVLKEPISVSSEQVLKFRKLNFNGEGEPEELMVDNWRPAQPLKNRQIKASFK,-1.35,-0.022203833
75,75,1CAHA,H105N_E115A,HHWGYGKHNGPEHWHKDFPIAKGERQSPVDIDTHTAKYDPSLKPLSVSYDQATSLRILNNGHAFNVEFDDSQDKAVLKGGPLDGTYRLIQFHFHWGSLDGQGSEHTVDKKKYAAELHLVHWNTKYGDFGKAVQQPDGLAVLGIFLKVGSAKPGLQKVVDVLDSIKTKGKSADFTNFDPRGLLPESLDYWTYPGSLTTPPLLECVTWIVLKEPISVSSEQVLKFRKLNFNGEGEPEELMVDNWRPAQPLKNRQIKASFK,1.8,-1.1580375
76,76,1CAHA,L58C_S170C,HHWGYGKHNGPEHWHKDFPIAKGERQSPVDIDTHTAKYDPSLKPLSVSYDQATSLRILNNGHAFNVEFDDSQDKAVLKGGPLDGTYRLIQFHFHWGSLDGQGSEHTVDKKKYAAELHLVHWNTKYGDFGKAVQQPDGLAVLGIFLKVGSAKPGLQKVVDVLDSIKTKGKSADFTNFDPRGLLPESLDYWTYPGSLTTPPLLECVTWIVLKEPISVSSEQVLKFRKLNFNGEGEPEELMVDNWRPAQPLKNRQIKASFK,-1.35,-0.88130206
77,77,1CAHA,S54C_C203S,HHWGYGKHNGPEHWHKDFPIAKGERQSPVDIDTHTAKYDPSLKPLSVSYDQATSLRILNNGHAFNVEFDDSQDKAVLKGGPLDGTYRLIQFHFHWGSLDGQGSEHTVDKKKYAAELHLVHWNTKYGDFGKAVQQPDGLAVLGIFLKVGSAKPGLQKVVDVLDSIKTKGKSADFTNFDPRGLLPESLDYWTYPGSLTTPPLLECVTWIVLKEPISVSSEQVLKFRKLNFNGEGEPEELMVDNWRPAQPLKNRQIKASFK,-1.35,0.7736707
78,78,1CAHA,V66C_C203S,HHWGYGKHNGPEHWHKDFPIAKGERQSPVDIDTHTAKYDPSLKPLSVSYDQATSLRILNNGHAFNVEFDDSQDKAVLKGGPLDGTYRLIQFHFHWGSLDGQGSEHTVDKKKYAAELHLVHWNTKYGDFGKAVQQPDGLAVLGIFLKVGSAKPGLQKVVDVLDSIKTKGKSADFTNFDPRGLLPESLDYWTYPGSLTTPPLLECVTWIVLKEPISVSSEQVLKFRKLNFNGEGEPEELMVDNWRPAQPLKNRQIKASFK,-1.8,-1.9682963
79,79,1CAHA,W121C_C203S,HHWGYGKHNGPEHWHKDFPIAKGERQSPVDIDTHTAKYDPSLKPLSVSYDQATSLRILNNGHAFNVEFDDSQDKAVLKGGPLDGTYRLIQFHFHWGSLDGQGSEHTVDKKKYAAELHLVHWNTKYGDFGKAVQQPDGLAVLGIFLKVGSAKPGLQKVVDVLDSIKTKGKSADFTNFDPRGLLPESLDYWTYPGSLTTPPLLECVTWIVLKEPISVSSEQVLKFRKLNFNGEGEPEELMVDNWRPAQPLKNRQIKASFK,-1.2,-0.9282717
80,80,1CAHA,W3F_W14F,HHWGYGKHNGPEHWHKDFPIAKGERQSPVDIDTHTAKYDPSLKPLSVSYDQATSLRILNNGHAFNVEFDDSQDKAVLKGGPLDGTYRLIQFHFHWGSLDGQGSEHTVDKKKYAAELHLVHWNTKYGDFGKAVQQPDGLAVLGIFLKVGSAKPGLQKVVDVLDSIKTKGKSADFTNFDPRGLLPESLDYWTYPGSLTTPPLLECVTWIVLKEPISVSSEQVLKFRKLNFNGEGEPEELMVDNWRPAQPLKNRQIKASFK,-3.4,-1.766029
81,81,1CDCA,A37G_L47V,GTVWGALGHGINLNIPNFQMTDDIDEVRWERGSTLVAEFKRKMKPFLKSGAFEILANGDLKIKNLTRDDSGTYNVTVYSTNGTRILDKALDLRILE,0.72,-1.6666509
82,82,1CDCA,I15V_V75A,GTVWGALGHGINLNIPNFQMTDDIDEVRWERGSTLVAEFKRKMKPFLKSGAFEILANGDLKIKNLTRDDSGTYNVTVYSTNGTRILDKALDLRILE,5.06,-2.6878214
83,83,1CDCA,L13V_L92V,GTVWGALGHGINLNIPNFQMTDDIDEVRWERGSTLVAEFKRKMKPFLKSGAFEILANGDLKIKNLTRDDSGTYNVTVYSTNGTRILDKALDLRILE,2.01,-2.6653795
84,84,1CDCA,V75A_L86V,GTVWGALGHGINLNIPNFQMTDDIDEVRWERGSTLVAEFKRKMKPFLKSGAFEILANGDLKIKNLTRDDSGTYNVTVYSTNGTRILDKALDLRILE,4.06,-2.2668865
85,85,1CEYA,A102G_F13N,ADKELKFLVVDDFSTMRRIVRNLLKELGFNNVEEAEDGVDALNKLQAGGYGFVISDWNMPNMDGLELLKTIRADGAMSALPVLMVTAEAKKENIIAAAQAGASGYVVKPFTAATLEEKLNKIFEKLGM,1.2,-0.37349972
86,86,1CEYA,A35G_F13N,ADKELKFLVVDDFSTMRRIVRNLLKELGFNNVEEAEDGVDALNKLQAGGYGFVISDWNMPNMDGLELLKTIRADGAMSALPVLMVTAEAKKENIIAAAQAGASGYVVKPFTAATLEEKLNKIFEKLGM,-0.2,-0.3221221
87,87,1CEYA,A41G_F13N,ADKELKFLVVDDFSTMRRIVRNLLKELGFNNVEEAEDGVDALNKLQAGGYGFVISDWNMPNMDGLELLKTIRADGAMSALPVLMVTAEAKKENIIAAAQAGASGYVVKPFTAATLEEKLNKIFEKLGM,0.6,0.46891478
88,88,1CEYA,A96G_F13N,ADKELKFLVVDDFSTMRRIVRNLLKELGFNNVEEAEDGVDALNKLQAGGYGFVISDWNMPNMDGLELLKTIRADGAMSALPVLMVTAEAKKENIIAAAQAGASGYVVKPFTAATLEEKLNKIFEKLGM,1.5,0.6962435
89,89,1CEYA,A97G_F13N,ADKELKFLVVDDFSTMRRIVRNLLKELGFNNVEEAEDGVDALNKLQAGGYGFVISDWNMPNMDGLELLKTIRADGAMSALPVLMVTAEAKKENIIAAAQAGASGYVVKPFTAATLEEKLNKIFEKLGM,1.6,-0.48618057
90,90,1CEYA,D37A_F13N,ADKELKFLVVDDFSTMRRIVRNLLKELGFNNVEEAEDGVDALNKLQAGGYGFVISDWNMPNMDGLELLKTIRADGAMSALPVLMVTAEAKKENIIAAAQAGASGYVVKPFTAATLEEKLNKIFEKLGM,1.0,0.16744752
91,91,1CEYA,D37G_F13N,ADKELKFLVVDDFSTMRRIVRNLLKELGFNNVEEAEDGVDALNKLQAGGYGFVISDWNMPNMDGLELLKTIRADGAMSALPVLMVTAEAKKENIIAAAQAGASGYVVKPFTAATLEEKLNKIFEKLGM,1.9,0.5104748
92,92,1CEYA,D63A_F13N,ADKELKFLVVDDFSTMRRIVRNLLKELGFNNVEEAEDGVDALNKLQAGGYGFVISDWNMPNMDGLELLKTIRADGAMSALPVLMVTAEAKKENIIAAAQAGASGYVVKPFTAATLEEKLNKIFEKLGM,1.7,0.40911686
93,93,1CEYA,D63G_F13N,ADKELKFLVVDDFSTMRRIVRNLLKELGFNNVEEAEDGVDALNKLQAGGYGFVISDWNMPNMDGLELLKTIRADGAMSALPVLMVTAEAKKENIIAAAQAGASGYVVKPFTAATLEEKLNKIFEKLGM,2.6,1.2775203
94,94,1CEYA,G75A_F13N,ADKELKFLVVDDFSTMRRIVRNLLKELGFNNVEEAEDGVDALNKLQAGGYGFVISDWNMPNMDGLELLKTIRADGAMSALPVLMVTAEAKKENIIAAAQAGASGYVVKPFTAATLEEKLNKIFEKLGM,3.4,2.2579474
95,95,1CEYA,K90A_F13N,ADKELKFLVVDDFSTMRRIVRNLLKELGFNNVEEAEDGVDALNKLQAGGYGFVISDWNMPNMDGLELLKTIRADGAMSALPVLMVTAEAKKENIIAAAQAGASGYVVKPFTAATLEEKLNKIFEKLGM,3.3,1.3028183
96,96,1CEYA,K90G_F13N,ADKELKFLVVDDFSTMRRIVRNLLKELGFNNVEEAEDGVDALNKLQAGGYGFVISDWNMPNMDGLELLKTIRADGAMSALPVLMVTAEAKKENIIAAAQAGASGYVVKPFTAATLEEKLNKIFEKLGM,3.4,1.077705
97,97,1CEYA,P109G_F13N,ADKELKFLVVDDFSTMRRIVRNLLKELGFNNVEEAEDGVDALNKLQAGGYGFVISDWNMPNMDGLELLKTIRADGAMSALPVLMVTAEAKKENIIAAAQAGASGYVVKPFTAATLEEKLNKIFEKLGM,1.1,-0.7673092
98,98,1CEYA,T111A_F13N,ADKELKFLVVDDFSTMRRIVRNLLKELGFNNVEEAEDGVDALNKLQAGGYGFVISDWNMPNMDGLELLKTIRADGAMSALPVLMVTAEAKKENIIAAAQAGASGYVVKPFTAATLEEKLNKIFEKLGM,1.4,0.4136243
99,99,1CEYA,T111G_F13N,ADKELKFLVVDDFSTMRRIVRNLLKELGFNNVEEAEDGVDALNKLQAGGYGFVISDWNMPNMDGLELLKTIRADGAMSALPVLMVTAEAKKENIIAAAQAGASGYVVKPFTAATLEEKLNKIFEKLGM,1.9,-0.12435722
100,100,1CHKA,W28F_W101F,AGAGLDDPHKKEIAMELVSSAENSSLDWKAQYKYIEDIGDGRGYTGGIIGFCSGTGDMLELVQHYTDLEPGNILAKYLPALKKVNGSASHSGLGTPFTKDWATAAKDTVFQQAQNDERDRVYFDPAVSQAKADGLRALGQFAYYDAIVMHGPGNDPTSFGGIRKTAMKKARTPAQGGDETTYLNGFLDARKAAMLTEAAHDDTSRVDTEQRVFLKAGNLDLNPPLKWKTYGDPYVINS,-0.585,-2.5255485
101,101,1CSPA,A46K_S48R,MLEGKVKWFNSEKGFGFIEVEGQDDVFVHFSAIQGEGFKTLEEGQAVSFEIVEGNRGPQAANVTKEA,2.65,2.119352
102,102,1CSPA,D25K_E19Q,MLEGKVKWFNSEKGFGFIEVEGQDDVFVHFSAIQGEGFKTLEEGQAVSFEIVEGNRGPQAANVTKEA,-1.43,-2.300059
103,103,1CSPA,D25Q_E19Q,MLEGKVKWFNSEKGFGFIEVEGQDDVFVHFSAIQGEGFKTLEEGQAVSFEIVEGNRGPQAANVTKEA,-1.1,-1.461368
104,104,1CSPA,E21Q_E19Q,MLEGKVKWFNSEKGFGFIEVEGQDDVFVHFSAIQGEGFKTLEEGQAVSFEIVEGNRGPQAANVTKEA,-0.41,-1.1435336
105,105,1CSPA,E3K_E66K,MLEGKVKWFNSEKGFGFIEVEGQDDVFVHFSAIQGEGFKTLEEGQAVSFEIVEGNRGPQAANVTKEA,1.91,-0.32712075
106,106,1CSPA,E3R_E66L,MLEGKVKWFNSEKGFGFIEVEGQDDVFVHFSAIQGEGFKTLEEGQAVSFEIVEGNRGPQAANVTKEA,1.53,2.5967925
107,107,1CSPA,V20E_E3R,MLEGKVKWFNSEKGFGFIEVEGQDDVFVHFSAIQGEGFKTLEEGQAVSFEIVEGNRGPQAANVTKEA,-3.37,0.17087878
108,108,1CSPA,V20K_E3R,MLEGKVKWFNSEKGFGFIEVEGQDDVFVHFSAIQGEGFKTLEEGQAVSFEIVEGNRGPQAANVTKEA,-2.1,1.6022388
109,109,1CSPA,V20Q_E3R,MLEGKVKWFNSEKGFGFIEVEGQDDVFVHFSAIQGEGFKTLEEGQAVSFEIVEGNRGPQAANVTKEA,-1.63,1.6276867
110,110,1CSPA,E66L_A67P,MLEGKVKWFNSEKGFGFIEVEGQDDVFVHFSAIQGEGFKTLEEGQAVSFEIVEGNRGPQAANVTKEA,2.15,2.5524516
111,111,1CSPA,M1R_E3K,MLEGKVKWFNSEKGFGFIEVEGQDDVFVHFSAIQGEGFKTLEEGQAVSFEIVEGNRGPQAANVTKEA,3.9,2.0226893
112,112,1CSPA,M1R_E66K,MLEGKVKWFNSEKGFGFIEVEGQDDVFVHFSAIQGEGFKTLEEGQAVSFEIVEGNRGPQAANVTKEA,2.63,1.5750413
113,113,1CSPA,N55S_Q59R,MLEGKVKWFNSEKGFGFIEVEGQDDVFVHFSAIQGEGFKTLEEGQAVSFEIVEGNRGPQAANVTKEA,-0.17,-0.15873533
114,114,1CYOA,S71L_L32I,SKAVKYYTLEEIQKHNNSKSTWLILHYKVYDLTKFLEEHPGGEEVLREQAGGDATENFEDVGHSTDARELSKTFIIGELHPDDRSKIT,0.5,3.084638
115,115,1DIVA,F5V_K12M,MKVIFLKDVKGKGKKGEIKNVADGYANNFLFKQGLAIEATPANLKALEAQKQKEQRQAAEELANAKKLKEQLEKLTVTIPAKAGEGGRLFGSITSKQIAESLQAQHGLKLDKRKIELADAIRALGYTNVPVKLHPEVTATLKVHVTEQK,-2.035,-1.0116823
116,116,1DPMA,H220R_H223L,ARINTVRGPITISEAGFTLTHEHICGSSAGFLRAWPEFFGSRKALAEKAVRGLRRARAAGVRTIVDVSTFDIGRDVSLLAEVSRAADVHIVAATGLWFDPPLSMRLRSVEELTQFFLREIQYGIEDTGIRAGIIKVATTGKATPFQELVLKAAARASLATGVPVTTHTAASQRDGEQQAAIFESEGLSPSRVCIGHSDDTDDLSYLTALAARGYLIGLDHIPHSAIGLEDNASASALLGIRSWQTRALLIKALIDQGYMKQILVSNDWLFGFSSYVTNIMDVMDRVNPDGMAFIPLRVIPFLREKGVPQETLAGITVTNPARFLSPTLR,-2.89,0.39132452
117,117,1FLVA,H33A_F6L,KKIGLFYGTQTGKTESVAEIIRDEFGNDVVTLHDVSQAEVTDLNDYQYLIIGCPTWNIGELQSDWEGLYSELDDVDFNGKLVAYFGTGDQIGYADNFQDAIGILEEKISQRGGKTVGYWSTDGYDFNDSKALRNGKFVGLALDEDNQSDLTDDRIKSWVAQLKSEFGL,-1.175,-1.4896069
118,118,1FLVA,H33A_Y46F,KKIGLFYGTQTGKTESVAEIIRDEFGNDVVTLHDVSQAEVTDLNDYQYLIIGCPTWNIGELQSDWEGLYSELDDVDFNGKLVAYFGTGDQIGYADNFQDAIGILEEKISQRGGKTVGYWSTDGYDFNDSKALRNGKFVGLALDEDNQSDLTDDRIKSWVAQLKSEFGL,-1.085,-1.6046317
119,119,1FNFA,R230I_D232I,PLSPPTNLHLEANPDTGVLTVSWERSTTPDITGYRITTTPTNGQQGNSLEEVVHADQSSCTFDNLSPGLEYNVSVYTVKDDKESVPISDTIIPAVPPPTDLRFTNIGPDTMRVTWAPPPSIDLTNFLVRYSPVKNEEDVAELSISPSDNAVVLTNLLPGTEYVVSVSSVYEQHESTPLRGRQKTGLDSPTGIDFSDITANSFTVHWIAPRATITGYRIRHHPEHFSGRPREDRVPHSRNSITLTNLTPGTEYVVSIVALNGREESPLLIGQQSTVSDVPRDLEVVAATPTSLLISWDAPAVTVRYYRITYGETGGNSPVQEFTVPGSKSTATISGLKPGVDYTITVYAVTGRGDSPASSKPISINYRT,-0.6,3.4978273
120,120,1FTGA,E19K_E71K,KKIGLFYGTQTGKTESVAEIIRDEFGNDVVTLHDVSQAEVTDLNDYQYLIIGCPTWNIGELQSDWEGLYSELDDVDFNGKLVAYFGTGDQIGYADNFQDAIGILEEKISQRGGKTVGYWSTDGYDFNDSKALRNGKFVGLALDEDNQSDLTDDRIKSWVAQLKSEFGL,0.425,0.93803596
121,121,1HFYA,A30I_T33I,EQLTKCEVFQKLKDLKDYGGVSLPEWVCTAFHTSGYDTQAIVQNNDSTEYGLFQINNKIWCKDDQNPHSRNICNISCDKFLDDDLTDDIVCAKKILDKVGINYWLAHKALCSEKLDQWLC,0.4,0.9254787
122,122,1HK0X,Q54A_Q142A,GKITLYEDRGFQGRHYECSSDHPNLQPYLSRCNSARVDSGCWMLYEQPNYSGLQYFLRRGDYADHQQWMGLSDSVRSCRLIPHSGSHRIRLYEREDYRGQMIEFTEDCSCLQDRFRFNEIHSLNVLEGSWVLYELSNYRGRQYLLMPGDYRRYQDWGATNARVGSLRRVIDFS,-0.35,-0.20387049
123,123,1HK0X,R79A_M146A,GKITLYEDRGFQGRHYECSSDHPNLQPYLSRCNSARVDSGCWMLYEQPNYSGLQYFLRRGDYADHQQWMGLSDSVRSCRLIPHSGSHRIRLYEREDYRGQMIEFTEDCSCLQDRFRFNEIHSLNVLEGSWVLYELSNYRGRQYLLMPGDYRRYQDWGATNARVGSLRRVIDFS,-0.75,-1.815908
124,124,1HMEA,N47H_D51H,FKDPNAPKRPPSAFFLFCSEYRPKIKGEHPGLSIGDVAKKLGEMWNNTAADDKQPYEKKAAKLKEKYEKDIAAYRAK,0.62,-1.2232285
125,125,1HMEA,N47H_D52H,FKDPNAPKRPPSAFFLFCSEYRPKIKGEHPGLSIGDVAKKLGEMWNNTAADDKQPYEKKAAKLKEKYEKDIAAYRAK,0.295,-2.2659726
126,126,1I5TA,H26V_H33F,GDVEKGKKIFVQKCAQCHTVEKGGKHKTGPNLHGLFGRKTGQAPGFTYTDANKNKGITWKEETLMEYLENPKKYIPGTKMIFAGIKKKTEREDLIAYLKKATNE,-2.15,-0.6198925
127,127,1I5TA,H26V_N52I,GDVEKGKKIFVQKCAQCHTVEKGGKHKTGPNLHGLFGRKTGQAPGFTYTDANKNKGITWKEETLMEYLENPKKYIPGTKMIFAGIKKKTEREDLIAYLKKATNE,-1.86,0.17838944
128,128,1I5TA,P30A_Y67F,GDVEKGKKIFVQKCAQCHTVEKGGKHKTGPNLHGLFGRKTGQAPGFTYTDANKNKGITWKEETLMEYLENPKKYIPGTKMIFAGIKKKTEREDLIAYLKKATNE,-2.585,-1.4601136
129,129,1IGVA,D19N_E26Q,KSPEELKGIFEKYAAKEGDPNQLSKEELKLLLQTEFPSLLKGPSTLDELFEELDKNGDGEVSFEEFQVLVKKISQ,0.52,0.78167915
130,130,1IGVA,E17Q_D19N,KSPEELKGIFEKYAAKEGDPNQLSKEELKLLLQTEFPSLLKGPSTLDELFEELDKNGDGEVSFEEFQVLVKKISQ,1.19,1.5964491
131,131,1IGVA,E17Q_E26Q,KSPEELKGIFEKYAAKEGDPNQLSKEELKLLLQTEFPSLLKGPSTLDELFEELDKNGDGEVSFEEFQVLVKKISQ,0.26,0.0097792
132,132,1IRLA,L18M_L19S,APTSSSTKKTQLQLEHLLLDLQMILNGINNYKNPKLTRMLTAKFYMPKKATELKHLQCLEEELKPLEEVLNLAQSKNFHLRPRDLISNINVIVLELKGSETTFMCEYADETATIVEFLNRWITFCQSIISTLT,0.0,1.6568985
133,133,1K9QA,A16R_D30T,FEIPDDVPLPAGWEMAKTSSGQRYFLNHIDQTTTWQDPRK,1.34,3.3400908
134,134,1K9QA,A16R_L26Y,FEIPDDVPLPAGWEMAKTSSGQRYFLNHIDQTTTWQDPRK,1.86,2.56442
135,135,1L63A,I27M_L33M,MNIFEMLRIDEGLRLKIYKDTEGYYTIGIGHLLTKSPSLNAAKSELDKAIGRNTNGVITKDEAEKLFNQDVDAAVRGILRNAKLKPVYDSLDAVRRAALINMVFQMGETGVAGFTNSLRMLQQKRWDEAAVNLAKSRWYNQTPNRAKRVITTFRTGTWDAYK,-3.1,-1.677165
136,136,1L63A,M102A_M106A,MNIFEMLRIDEGLRLKIYKDTEGYYTIGIGHLLTKSPSLNAAKSELDKAIGRNTNGVITKDEAEKLFNQDVDAAVRGILRNAKLKPVYDSLDAVRRAALINMVFQMGETGVAGFTNSLRMLQQKRWDEAAVNLAKSRWYNQTPNRAKRVITTFRTGTWDAYK,-3.7,-3.2599247
137,137,1LMB4,G46A_G48A,STKKKPLTQEQLEDARRLKAIYEKKKNELGLSQESVADKMGMGQSGVGALFNGINALNAYNAALLAKILKVSVEEFSPSIAREIYEMYEAVS,-0.37,1.735716
138,138,1LMB4,M40V_V47L,STKKKPLTQEQLEDARRLKAIYEKKKNELGLSQESVADKMGMGQSGVGALFNGINALNAYNAALLAKILKVSVEEFSPSIAREIYEMYEAVS,-1.1,-1.052031
139,139,1LMB4,V36F_M40L,STKKKPLTQEQLEDARRLKAIYEKKKNELGLSQESVADKMGMGQSGVGALFNGINALNAYNAALLAKILKVSVEEFSPSIAREIYEMYEAVS,-1.4,0.20622136
140,140,1LS4A,T31A_T144A,RPDAAGHVNIAEAVQQLNHTIVNAAHELHETLGLPTPDEALNLLTEQANAFKTKIAEVTTSLKQEAEKHQGSVAEQLNAFARNLNNSIHDAATSLNLQDQLNSLQSALTNVGHQWQDIATKTQASAQEAWAPVQSALQEAAEKTKEAAANLQNSIQSAVQKPAN,-1.06,0.30484158
141,141,1LZ1A,C77A_C95A,KVFERCELARTLKRLGMDGYRGISLANWMCLAKWESGYNTRATNYNAGDRSTDYGIFQINSRYWCNDGKTPGAVNACHLSCSALLQDNIADAVACAKRVVRDPQGIRAWVAWRNRCQNRDVRQYVQGCGV,-5.8,-4.377907
142,142,1LZ1A,P71G_P103G,KVFERCELARTLKRLGMDGYRGISLANWMCLAKWESGYNTRATNYNAGDRSTDYGIFQINSRYWCNDGKTPGAVNACHLSCSALLQDNIADAVACAKRVVRDPQGIRAWVAWRNRCQNRDVRQYVQGCGV,-1.1,-2.4058056
143,143,1LZ1A,W64C_C65A,KVFERCELARTLKRLGMDGYRGISLANWMCLAKWESGYNTRATNYNAGDRSTDYGIFQINSRYWCNDGKTPGAVNACHLSCSALLQDNIADAVACAKRVVRDPQGIRAWVAWRNRCQNRDVRQYVQGCGV,-2.2,-3.049677
144,144,1MJCA,F17L_F19L,SGKMTGIVKWFNADKGFGFITPDDGSKDVFVHFSAIQNDGYKSLDEGQKVSFTIESGAKGPAAGNVTSL,-0.88,-2.4381962
145,145,1MJCA,F17L_F30L,SGKMTGIVKWFNADKGFGFITPDDGSKDVFVHFSAIQNDGYKSLDEGQKVSFTIESGAKGPAAGNVTSL,-1.56,-1.6293525
146,146,1MJCA,F17S_F19S,SGKMTGIVKWFNADKGFGFITPDDGSKDVFVHFSAIQNDGYKSLDEGQKVSFTIESGAKGPAAGNVTSL,-1.97,-2.9343755
147,147,1MJCA,F17S_F30S,SGKMTGIVKWFNADKGFGFITPDDGSKDVFVHFSAIQNDGYKSLDEGQKVSFTIESGAKGPAAGNVTSL,-1.39,-2.823525
148,148,1MJCA,F19L_F30L,SGKMTGIVKWFNADKGFGFITPDDGSKDVFVHFSAIQNDGYKSLDEGQKVSFTIESGAKGPAAGNVTSL,-0.48,-1.3481958
149,149,1MJCA,F19S_F30S,SGKMTGIVKWFNADKGFGFITPDDGSKDVFVHFSAIQNDGYKSLDEGQKVSFTIESGAKGPAAGNVTSL,-0.96,-2.7406743
150,150,1MSIA,D37A_R40A,AAQASVVANQLIPINTALTLVMMRSEVVTPVGIPAEDIPRLVSMQVNRAVPLGTTLMPDMVKGYAA,-0.69,-0.3768151
151,151,1MSIA,R24A_E26A,AAQASVVANQLIPINTALTLVMMRSEVVTPVGIPAEDIPRLVSMQVNRAVPLGTTLMPDMVKGYAA,-0.5,-0.11572449
152,152,1MSIA,R48A_D59N,AAQASVVANQLIPINTALTLVMMRSEVVTPVGIPAEDIPRLVSMQVNRAVPLGTTLMPDMVKGYAA,-0.585,-1.5315576
153,153,1ONCA,C87A_C104A,QDWLTFQKKHITNTRDVDCDNIMSTNLFHCKDKNTFIYSRPEPVKAICKGIIASKNVLTTSEFYLSDCNVTSRPCKYKLKKSTNKFCVTCENQAPVHFVGVGSC,-7.65,-1.3719667
154,154,1OTRB,I30F_I36L,MQIFVKTLTGKTITLEVESSDTIDNVKSKIQDKEGIPPDQQRLIFAGKQLEDGRTLSDYNIQKESTLHLVLRLRGG,-3.32,-3.6492257
155,155,1OTRB,I30F_I36V,MQIFVKTLTGKTITLEVESSDTIDNVKSKIQDKEGIPPDQQRLIFAGKQLEDGRTLSDYNIQKESTLHLVLRLRGG,-3.18,-3.7077546
156,156,1OTRB,I30L_I36F,MQIFVKTLTGKTITLEVESSDTIDNVKSKIQDKEGIPPDQQRLIFAGKQLEDGRTLSDYNIQKESTLHLVLRLRGG,-1.29,-2.9932408
157,157,1OTRB,I30L_I36L,MQIFVKTLTGKTITLEVESSDTIDNVKSKIQDKEGIPPDQQRLIFAGKQLEDGRTLSDYNIQKESTLHLVLRLRGG,-1.94,-2.591176
158,158,1OTRB,I30L_I36V,MQIFVKTLTGKTITLEVESSDTIDNVKSKIQDKEGIPPDQQRLIFAGKQLEDGRTLSDYNIQKESTLHLVLRLRGG,-1.41,-2.6976702
159,159,1OTRB,I30V_I36F,MQIFVKTLTGKTITLEVESSDTIDNVKSKIQDKEGIPPDQQRLIFAGKQLEDGRTLSDYNIQKESTLHLVLRLRGG,-2.49,-2.9507809
160,160,1OTRB,I30V_I36L,MQIFVKTLTGKTITLEVESSDTIDNVKSKIQDKEGIPPDQQRLIFAGKQLEDGRTLSDYNIQKESTLHLVLRLRGG,-1.58,-2.6220179
161,161,1OTRB,I30V_I36V,MQIFVKTLTGKTITLEVESSDTIDNVKSKIQDKEGIPPDQQRLIFAGKQLEDGRTLSDYNIQKESTLHLVLRLRGG,-1.86,-2.4648752
162,162,1OTRB,E34K_K11A,MQIFVKTLTGKTITLEVESSDTIDNVKSKIQDKEGIPPDQQRLIFAGKQLEDGRTLSDYNIQKESTLHLVLRLRGG,-1.77,-2.4303446
163,163,1OTRB,K11A_E34L,MQIFVKTLTGKTITLEVESSDTIDNVKSKIQDKEGIPPDQQRLIFAGKQLEDGRTLSDYNIQKESTLHLVLRLRGG,1.65,-0.55398065
164,164,1OTRB,K11A_E34S,MQIFVKTLTGKTITLEVESSDTIDNVKSKIQDKEGIPPDQQRLIFAGKQLEDGRTLSDYNIQKESTLHLVLRLRGG,0.12,-1.9059384
165,165,1OTRB,E34K_K11E,MQIFVKTLTGKTITLEVESSDTIDNVKSKIQDKEGIPPDQQRLIFAGKQLEDGRTLSDYNIQKESTLHLVLRLRGG,-0.53,-1.5267475
166,166,1OTRB,E34S_K11E,MQIFVKTLTGKTITLEVESSDTIDNVKSKIQDKEGIPPDQQRLIFAGKQLEDGRTLSDYNIQKESTLHLVLRLRGG,0.45,-1.4729877
167,167,1PHPA,I217A_L221A,MNKKTIRDVDVRGKRVFCRVDFNVPMEQGAITDDTRIRAALPTIRYLIEHGAKVILASHLGRPKGKVVEELRLDAVAKRLGELLERPVAKTNEAVGDEVKAAVDRLNEGDVLLLENVRFYPGEEKNDPELAKAFAELADLYVNDAFGAAHRAHASTEGIAHYLPAVAGFLMEKELEVLGKALSNPDRPFTAIIGGAKVKDKIGVIDNLLEKVDNLIIGGGLAYTFVKALGHDVGKSLLEEDKIELAKSFMEKAKEKGVRFYMPVDVVVADRFANDANTKVVPIDAIPADWSALDIGPKTRELYRDVIRESKLVVWNGPMGVFEMDAFAHGTKAIAEALAEALDTYSVIGGGDSAAAVEKFGLADKMDHISTGGGASLEFMEGKQLPGVVALEDK,-3.6,-3.6590617
168,168,1QJPA,F103A_W123A,APKDNTWYTGAKLGWSQHENKLGAGAFGGYQVNPYVGFEMGYDWLGRMPYAYKAQGVQLTAKLGYPITDDLDIYTRLGGMVWRADTYSNVYGKNHDTGVSPVFAGGVEYAITPEIATRLEYQWTNGMLSLGVSYRFG,-3.9,-1.5385425
169,169,1QJPA,F103A_Y121A,APKDNTWYTGAKLGWSQHENKLGAGAFGGYQVNPYVGFEMGYDWLGRMPYAYKAQGVQLTAKLGYPITDDLDIYTRLGGMVWRADTYSNVYGKNHDTGVSPVFAGGVEYAITPEIATRLEYQWTNGMLSLGVSYRFG,-5.3,-2.67619
170,170,1QJPA,W7A_Y30A,APKDNTWYTGAKLGWSQHENKLGAGAFGGYQVNPYVGFEMGYDWLGRMPYAYKAQGVQLTAKLGYPITDDLDIYTRLGGMVWRADTYSNVYGKNHDTGVSPVFAGGVEYAITPEIATRLEYQWTNGMLSLGVSYRFG,-6.4,-3.3115873
171,171,1QJPA,Y121A_W123A,APKDNTWYTGAKLGWSQHENKLGAGAFGGYQVNPYVGFEMGYDWLGRMPYAYKAQGVQLTAKLGYPITDDLDIYTRLGGMVWRADTYSNVYGKNHDTGVSPVFAGGVEYAITPEIATRLEYQWTNGMLSLGVSYRFG,-5.7,-2.4475222
172,172,1QJPA,Y134A_F136A,APKDNTWYTGAKLGWSQHENKLGAGAFGGYQVNPYVGFEMGYDWLGRMPYAYKAQGVQLTAKLGYPITDDLDIYTRLGGMVWRADTYSNVYGKNHDTGVSPVFAGGVEYAITPEIATRLEYQWTNGMLSLGVSYRFG,-1.2,-2.660021
173,173,1QJPA,Y42A_W44A,APKDNTWYTGAKLGWSQHENKLGAGAFGGYQVNPYVGFEMGYDWLGRMPYAYKAQGVQLTAKLGYPITDDLDIYTRLGGMVWRADTYSNVYGKNHDTGVSPVFAGGVEYAITPEIATRLEYQWTNGMLSLGVSYRFG,-4.2,-3.7095566
174,174,1QLPA,F29L_M352I,FNKITPNLAEFAFSLYRQLAHQSNSTNIFFSPVSIATAFAMLSLGTKADTHDEILEGLNFNLTEIPEAQIHEGFQELLRTLNQPDSQLQLTTGNGLFLSEGLKLVDKFLEDVKKLYHSEAFTVNFGDTEEAKKQINDYVEKGTQGKIVDLVKELDRDTVFALVNYIFFKGKWERPFEVKDTEEEDFHVDQVTTVKVPMMKRLGMFNIQHCKKLSSWVLLMKYLGNATAIFFLPDEGKLQHLENELTHDIITKFLENEDRRSASLHLPKLSITGTYDLKSVLGQLGITKVFSNGADLSGVTEEAPLKLSKAVHKAVLTIDEKGTEAAGAMFLEAIPMSIPPEVKFNKPFVFLMIEQNTKSPLFMGKVVNPTQK,3.6,1.5476444
175,175,1QLPA,S359A_K365R,FNKITPNLAEFAFSLYRQLAHQSNSTNIFFSPVSIATAFAMLSLGTKADTHDEILEGLNFNLTEIPEAQIHEGFQELLRTLNQPDSQLQLTTGNGLFLSEGLKLVDKFLEDVKKLYHSEAFTVNFGDTEEAKKQINDYVEKGTQGKIVDLVKELDRDTVFALVNYIFFKGKWERPFEVKDTEEEDFHVDQVTTVKVPMMKRLGMFNIQHCKKLSSWVLLMKYLGNATAIFFLPDEGKLQHLENELTHDIITKFLENEDRRSASLHLPKLSITGTYDLKSVLGQLGITKVFSNGADLSGVTEEAPLKLSKAVHKAVLTIDEKGTEAAGAMFLEAIPMSIPPEVKFNKPFVFLMIEQNTKSPLFMGKVVNPTQK,2.1,0.45382664
176,176,1RGGA,D25K_E74K,DVSGTVCLSALPPEATDTLNLIASDGPFPYSQDGVVFQNRESVLPTQSYGYYHEYTVITPGARTRGTRRIITGEATQEDYYTGDHYATFSLIDQTC,0.3,0.5792748
177,177,1RGGA,R40E_R63E,DVSGTVCLSALPPEATDTLNLIASDGPFPYSQDGVVFQNRESVLPTQSYGYYHEYTVITPGARTRGTRRIITGEATQEDYYTGDHYATFSLIDQTC,-0.6,-0.84535456
178,178,1RHGA,G122A_G123A,LPQSFLLKCLEQVRKIQGDGAALQEKLCATYKLCHPEELVLLGHSLGIPWAPLLAGCLSQLHSGLFLYQGLLQALEGISPELGPTLDTLQLDVADFATTIWQQMEELGMMPAFASAFQRRAGGVLVASHLQSFLEVSYRVLRHLA,4.2,2.2296062
179,179,1RHGA,G18A_G20A,LPQSFLLKCLEQVRKIQGDGAALQEKLCATYKLCHPEELVLLGHSLGIPWAPLLAGCLSQLHSGLFLYQGLLQALEGISPELGPTLDTLQLDVADFATTIWQQMEELGMMPAFASAFQRRAGGVLVASHLQSFLEVSYRVLRHLA,2.74,0.93692535
180,180,1RN1B,H39T_W58Y,CDYTCGSNCYSSSDVSTAQAAGYQLHEDGETVGSNSYPHKYNNYEGFDFSVSSPYYEWPILSSGDVYSGGSPGADRVVFNENNQLAGVITHTGASGNNFVECT,-0.93,-1.4377959
181,181,1RN1B,Q24K_E57A,CDYTCGSNCYSSSDVSTAQAAGYQLHEDGETVGSNSYPHKYNNYEGFDFSVSSPYYEWPILSSGDVYSGGSPGADRVVFNENNQLAGVITHTGASGNNFVECT,0.365,0.5160748
182,182,1RN1B,W58Y_H91A,CDYTCGSNCYSSSDVSTAQAAGYQLHEDGETVGSNSYPHKYNNYEGFDFSVSSPYYEWPILSSGDVYSGGSPGADRVVFNENNQLAGVITHTGASGNNFVECT,-1.53,-2.5392447
183,183,1RN1B,Y23W_W58Y,CDYTCGSNCYSSSDVSTAQAAGYQLHEDGETVGSNSYPHKYNNYEGFDFSVSSPYYEWPILSSGDVYSGGSPGADRVVFNENNQLAGVITHTGASGNNFVECT,0.29,1.3434663
184,184,1RN1B,Y41W_W58Y,CDYTCGSNCYSSSDVSTAQAAGYQLHEDGETVGSNSYPHKYNNYEGFDFSVSSPYYEWPILSSGDVYSGGSPGADRVVFNENNQLAGVITHTGASGNNFVECT,-1.03,-0.23587948
185,185,1RROA,P21A_P26A,SITDILSAEDIAAALQECQDPDTFEPQKFFQTSGLSKMSASQVKDIFRFIDNDQSGYLDGDELKYFLQKFQSDARELTESETKSLMDAADNDGDGKIGADEFQEMVHS,-1.77,0.05828338
186,186,1RTBA,A4C_V118C,KETAAAKFERQHMDSSTSAASSSNYCNQMMKSRNLTKDRCKPVNTFVHESLADVQAVCSQKNVACKNGQTNCYQSYSTMSITDCRETGSSKYPNCAYKTTQANKHIIVACEGNPYVPVHFDASV,1.12,-2.796327
187,187,1RTBA,H105C_V124C,KETAAAKFERQHMDSSTSAASSSNYCNQMMKSRNLTKDRCKPVNTFVHESLADVQAVCSQKNVACKNGQTNCYQSYSTMSITDCRETGSSKYPNCAYKTTQANKHIIVACEGNPYVPVHFDASV,-0.12,-2.9533048
188,188,1RTBA,I107C_A122C,KETAAAKFERQHMDSSTSAASSSNYCNQMMKSRNLTKDRCKPVNTFVHESLADVQAVCSQKNVACKNGQTNCYQSYSTMSITDCRETGSSKYPNCAYKTTQANKHIIVACEGNPYVPVHFDASV,-2.27,-2.9023027
189,189,1RTBA,M30C_N44C,KETAAAKFERQHMDSSTSAASSSNYCNQMMKSRNLTKDRCKPVNTFVHESLADVQAVCSQKNVACKNGQTNCYQSYSTMSITDCRETGSSKYPNCAYKTTQANKHIIVACEGNPYVPVHFDASV,-5.04,-3.726719
190,190,1RTBA,P93A_P114G,KETAAAKFERQHMDSSTSAASSSNYCNQMMKSRNLTKDRCKPVNTFVHESLADVQAVCSQKNVACKNGQTNCYQSYSTMSITDCRETGSSKYPNCAYKTTQANKHIIVACEGNPYVPVHFDASV,-4.2,-3.128397
191,191,1RTBA,R10C_R33C,KETAAAKFERQHMDSSTSAASSSNYCNQMMKSRNLTKDRCKPVNTFVHESLADVQAVCSQKNVACKNGQTNCYQSYSTMSITDCRETGSSKYPNCAYKTTQANKHIIVACEGNPYVPVHFDASV,-1.39,-3.031602
192,192,1RTBA,V43C_R85C,KETAAAKFERQHMDSSTSAASSSNYCNQMMKSRNLTKDRCKPVNTFVHESLADVQAVCSQKNVACKNGQTNCYQSYSTMSITDCRETGSSKYPNCAYKTTQANKHIIVACEGNPYVPVHFDASV,1.0,-4.1378613
193,193,1RTP1,A21P_H26P,SMTDLLSAEDIKKAIGAFTAADSFDHKKFFQMVGLKKKSADDVKKVFHILDKDKSGFIEEDELGSILKGFSSDARDLSAKETKTLMAAGDKDGDGKIGVEEFSTLVAES,-0.5,-0.30323702
194,194,1RTP1,A21P_K80S,SMTDLLSAEDIKKAIGAFTAADSFDHKKFFQMVGLKKKSADDVKKVFHILDKDKSGFIEEDELGSILKGFSSDARDLSAKETKTLMAAGDKDGDGKIGVEEFSTLVAES,0.45,-0.35318303
195,195,1RX4A,L28R_E139Q,MISLIAALAVDRVIGMENAMPWNLPADLAWFKRNTLDKPVIMGRHTWESIGRPLPGRKNIILSSQPGTDDRVTWVKSVDEAIAACGDVPEIMVIGGGRVYEQFLPKAQKLYLTHIDAEVEGDTHFPDYEPDDWESVFSEFHDADAQNSHSYCFEILERR,0.46,0.09503964
196,196,1RX4A,R44L_P66A,MISLIAALAVDRVIGMENAMPWNLPADLAWFKRNTLDKPVIMGRHTWESIGRPLPGRKNIILSSQPGTDDRVTWVKSVDEAIAACGDVPEIMVIGGGRVYEQFLPKAQKLYLTHIDAEVEGDTHFPDYEPDDWESVFSEFHDADAQNSHSYCFEILERR,0.9,-0.5125437
197,197,1SAKA,F23L_L26F,KKKPLDGEYFTLQIRGRERFEMFRELNEALELKDAQAGKEPG,-8.4,-3.269535
198,198,1SAKA,F23L_L26I,KKKPLDGEYFTLQIRGRERFEMFRELNEALELKDAQAGKEPG,-1.3,0.7444589
199,199,1SAKA,I14V_F23L,KKKPLDGEYFTLQIRGRERFEMFRELNEALELKDAQAGKEPG,-2.2,1.4108641
200,200,1SCEA,P85A_P87A,VPRLLTASERERLEPFIDQIHYSPRYADDEYEYRHVMLPKAMLKAIPTDYFNPETGTLRILQEEEWRGLGITQSLGWEMYEVHVPEPHILLFKREKD,0.93,-1.7084384
201,201,1SCEA,P85G_P87G,VPRLLTASERERLEPFIDQIHYSPRYADDEYEYRHVMLPKAMLKAIPTDYFNPETGTLRILQEEEWRGLGITQSLGWEMYEVHVPEPHILLFKREKD,0.88,0.0052863657
202,202,1SHFA,E24A_S41A,VTLFVALYDYEARTEDDLSFHKGEKFQILNSSEGDWWEARSLTTGETGYIPSNYVAPVD,-1.48,-3.2263675
203,203,1SHFA,E24A_S41D,VTLFVALYDYEARTEDDLSFHKGEKFQILNSSEGDWWEARSLTTGETGYIPSNYVAPVD,-0.9,-2.009425
204,204,1SHFA,E24A_S41K,VTLFVALYDYEARTEDDLSFHKGEKFQILNSSEGDWWEARSLTTGETGYIPSNYVAPVD,-1.17,-2.5451512
205,205,1SHFA,E24A_S41L,VTLFVALYDYEARTEDDLSFHKGEKFQILNSSEGDWWEARSLTTGETGYIPSNYVAPVD,-0.43,-0.6105541
206,206,1SHFA,E24A_S41R,VTLFVALYDYEARTEDDLSFHKGEKFQILNSSEGDWWEARSLTTGETGYIPSNYVAPVD,-1.65,-2.5240383
207,207,1SHFA,E24L_S41A,VTLFVALYDYEARTEDDLSFHKGEKFQILNSSEGDWWEARSLTTGETGYIPSNYVAPVD,-2.71,-3.2655284
208,208,1SHFA,E24R_S41D,VTLFVALYDYEARTEDDLSFHKGEKFQILNSSEGDWWEARSLTTGETGYIPSNYVAPVD,-1.34,-1.4860274
209,209,1SHFA,G45A_S41K,VTLFVALYDYEARTEDDLSFHKGEKFQILNSSEGDWWEARSLTTGETGYIPSNYVAPVD,-1.89,-3.007349
210,210,1SHFA,T44A_S41K,VTLFVALYDYEARTEDDLSFHKGEKFQILNSSEGDWWEARSLTTGETGYIPSNYVAPVD,-2.7,-2.8569164
211,211,1SHGA,K13Y_K54F,KELVLALYDYQEKSPREVTMKKGDILTLLNSTNKDWWKVEVNDRQGFVPAAYVKKLD,-3.6,-0.3683935
212,212,1SHGA,Y8F_Y52F,KELVLALYDYQEKSPREVTMKKGDILTLLNSTNKDWWKVEVNDRQGFVPAAYVKKLD,-3.3,-2.578834
213,213,1SHGA,Y52F_K54Y,KELVLALYDYQEKSPREVTMKKGDILTLLNSTNKDWWKVEVNDRQGFVPAAYVKKLD,0.97,-1.7730238
214,214,1STNA,A64T_A85S,KLHKEPATLIKAIDGDTVKLMYKGQPMTFRLLLVDTPETKHPKKGVEKYGPEASAFTKKMVENAKKIEVEFDKGQRTDKYGRGLAYIYADGKMVNEALVRQGLAKVAYVYKPNNTHEQHLRKSEAQAKKEKLNIWS,-4.7,-2.849444
215,215,1STNA,E70V_A64T,KLHKEPATLIKAIDGDTVKLMYKGQPMTFRLLLVDTPETKHPKKGVEKYGPEASAFTKKMVENAKKIEVEFDKGQRTDKYGRGLAYIYADGKMVNEALVRQGLAKVAYVYKPNNTHEQHLRKSEAQAKKEKLNIWS,-4.35,-2.451695
216,216,1STNA,E68A_V69A,KLHKEPATLIKAIDGDTVKLMYKGQPMTFRLLLVDTPETKHPKKGVEKYGPEASAFTKKMVENAKKIEVEFDKGQRTDKYGRGLAYIYADGKMVNEALVRQGLAKVAYVYKPNNTHEQHLRKSEAQAKKEKLNIWS,-5.2,-3.0826244
217,217,1STNA,E70V_A125G,KLHKEPATLIKAIDGDTVKLMYKGQPMTFRLLLVDTPETKHPKKGVEKYGPEASAFTKKMVENAKKIEVEFDKGQRTDKYGRGLAYIYADGKMVNEALVRQGLAKVAYVYKPNNTHEQHLRKSEAQAKKEKLNIWS,-3.4,-0.5515162
218,218,1STNA,E70V_A85S,KLHKEPATLIKAIDGDTVKLMYKGQPMTFRLLLVDTPETKHPKKGVEKYGPEASAFTKKMVENAKKIEVEFDKGQRTDKYGRGLAYIYADGKMVNEALVRQGLAKVAYVYKPNNTHEQHLRKSEAQAKKEKLNIWS,-3.6,-1.0162001
219,219,1STNA,E70V_G74S,KLHKEPATLIKAIDGDTVKLMYKGQPMTFRLLLVDTPETKHPKKGVEKYGPEASAFTKKMVENAKKIEVEFDKGQRTDKYGRGLAYIYADGKMVNEALVRQGLAKVAYVYKPNNTHEQHLRKSEAQAKKEKLNIWS,-4.67,-1.283267
220,220,1STNA,E70V_I87V,KLHKEPATLIKAIDGDTVKLMYKGQPMTFRLLLVDTPETKHPKKGVEKYGPEASAFTKKMVENAKKIEVEFDKGQRTDKYGRGLAYIYADGKMVNEALVRQGLAKVAYVYKPNNTHEQHLRKSEAQAKKEKLNIWS,-2.05,-0.5645258
221,221,1STNA,E70V_P112L,KLHKEPATLIKAIDGDTVKLMYKGQPMTFRLLLVDTPETKHPKKGVEKYGPEASAFTKKMVENAKKIEVEFDKGQRTDKYGRGLAYIYADGKMVNEALVRQGLAKVAYVYKPNNTHEQHLRKSEAQAKKEKLNIWS,-1.61,-2.1286376
222,222,1STNA,E70V_Y108A,KLHKEPATLIKAIDGDTVKLMYKGQPMTFRLLLVDTPETKHPKKGVEKYGPEASAFTKKMVENAKKIEVEFDKGQRTDKYGRGLAYIYADGKMVNEALVRQGLAKVAYVYKPNNTHEQHLRKSEAQAKKEKLNIWS,-1.55,-0.9424361
223,223,1STNA,E70V_Y80A,KLHKEPATLIKAIDGDTVKLMYKGQPMTFRLLLVDTPETKHPKKGVEKYGPEASAFTKKMVENAKKIEVEFDKGQRTDKYGRGLAYIYADGKMVNEALVRQGLAKVAYVYKPNNTHEQHLRKSEAQAKKEKLNIWS,-2.51,-1.336128
224,224,1STNA,F56A_T57A,KLHKEPATLIKAIDGDTVKLMYKGQPMTFRLLLVDTPETKHPKKGVEKYGPEASAFTKKMVENAKKIEVEFDKGQRTDKYGRGLAYIYADGKMVNEALVRQGLAKVAYVYKPNNTHEQHLRKSEAQAKKEKLNIWS,-4.6,-3.4411347
225,225,1STNA,F71V_H119L,KLHKEPATLIKAIDGDTVKLMYKGQPMTFRLLLVDTPETKHPKKGVEKYGPEASAFTKKMVENAKKIEVEFDKGQRTDKYGRGLAYIYADGKMVNEALVRQGLAKVAYVYKPNNTHEQHLRKSEAQAKKEKLNIWS,0.0,-1.7134204
226,226,1STNA,F71W_W135H,KLHKEPATLIKAIDGDTVKLMYKGQPMTFRLLLVDTPETKHPKKGVEKYGPEASAFTKKMVENAKKIEVEFDKGQRTDKYGRGLAYIYADGKMVNEALVRQGLAKVAYVYKPNNTHEQHLRKSEAQAKKEKLNIWS,-1.0,-2.5070934
227,227,1STNA,G74D_N113D,KLHKEPATLIKAIDGDTVKLMYKGQPMTFRLLLVDTPETKHPKKGVEKYGPEASAFTKKMVENAKKIEVEFDKGQRTDKYGRGLAYIYADGKMVNEALVRQGLAKVAYVYKPNNTHEQHLRKSEAQAKKEKLNIWS,-2.58,-2.8595796
228,228,1STNA,G74S_A125G,KLHKEPATLIKAIDGDTVKLMYKGQPMTFRLLLVDTPETKHPKKGVEKYGPEASAFTKKMVENAKKIEVEFDKGQRTDKYGRGLAYIYADGKMVNEALVRQGLAKVAYVYKPNNTHEQHLRKSEAQAKKEKLNIWS,-3.68,-1.6721604
229,229,1STNA,G74S_I87V,KLHKEPATLIKAIDGDTVKLMYKGQPMTFRLLLVDTPETKHPKKGVEKYGPEASAFTKKMVENAKKIEVEFDKGQRTDKYGRGLAYIYADGKMVNEALVRQGLAKVAYVYKPNNTHEQHLRKSEAQAKKEKLNIWS,-2.55,-2.0266376
230,230,1STNA,G74S_N113D,KLHKEPATLIKAIDGDTVKLMYKGQPMTFRLLLVDTPETKHPKKGVEKYGPEASAFTKKMVENAKKIEVEFDKGQRTDKYGRGLAYIYADGKMVNEALVRQGLAKVAYVYKPNNTHEQHLRKSEAQAKKEKLNIWS,-2.79,-2.612047
231,231,1STNA,G74S_P112L,KLHKEPATLIKAIDGDTVKLMYKGQPMTFRLLLVDTPETKHPKKGVEKYGPEASAFTKKMVENAKKIEVEFDKGQRTDKYGRGLAYIYADGKMVNEALVRQGLAKVAYVYKPNNTHEQHLRKSEAQAKKEKLNIWS,-2.08,-3.0054324
232,232,1STNA,G74S_Y108A,KLHKEPATLIKAIDGDTVKLMYKGQPMTFRLLLVDTPETKHPKKGVEKYGPEASAFTKKMVENAKKIEVEFDKGQRTDKYGRGLAYIYADGKMVNEALVRQGLAKVAYVYKPNNTHEQHLRKSEAQAKKEKLNIWS,-2.22,-2.088439
233,233,1STNA,G74S_Y80A,KLHKEPATLIKAIDGDTVKLMYKGQPMTFRLLLVDTPETKHPKKGVEKYGPEASAFTKKMVENAKKIEVEFDKGQRTDKYGRGLAYIYADGKMVNEALVRQGLAKVAYVYKPNNTHEQHLRKSEAQAKKEKLNIWS,-2.69,-2.5923512
234,234,1STNA,E70V_I10V,KLHKEPATLIKAIDGDTVKLMYKGQPMTFRLLLVDTPETKHPKKGVEKYGPEASAFTKKMVENAKKIEVEFDKGQRTDKYGRGLAYIYADGKMVNEALVRQGLAKVAYVYKPNNTHEQHLRKSEAQAKKEKLNIWS,-2.83,0.07097647
235,235,1STNA,G74S_I10V,KLHKEPATLIKAIDGDTVKLMYKGQPMTFRLLLVDTPETKHPKKGVEKYGPEASAFTKKMVENAKKIEVEFDKGQRTDKYGRGLAYIYADGKMVNEALVRQGLAKVAYVYKPNNTHEQHLRKSEAQAKKEKLNIWS,-3.1,-1.3771384
236,236,1STNA,I10V_I67V,KLHKEPATLIKAIDGDTVKLMYKGQPMTFRLLLVDTPETKHPKKGVEKYGPEASAFTKKMVENAKKIEVEFDKGQRTDKYGRGLAYIYADGKMVNEALVRQGLAKVAYVYKPNNTHEQHLRKSEAQAKKEKLNIWS,-2.01,-0.61888903
237,237,1STNA,L32A_I10V,KLHKEPATLIKAIDGDTVKLMYKGQPMTFRLLLVDTPETKHPKKGVEKYGPEASAFTKKMVENAKKIEVEFDKGQRTDKYGRGLAYIYADGKMVNEALVRQGLAKVAYVYKPNNTHEQHLRKSEAQAKKEKLNIWS,-2.17,-1.8438282
238,238,1STNA,V18F_I10V,KLHKEPATLIKAIDGDTVKLMYKGQPMTFRLLLVDTPETKHPKKGVEKYGPEASAFTKKMVENAKKIEVEFDKGQRTDKYGRGLAYIYADGKMVNEALVRQGLAKVAYVYKPNNTHEQHLRKSEAQAKKEKLNIWS,-2.59,-0.07441924
239,239,1STNA,I10V_Y108A,KLHKEPATLIKAIDGDTVKLMYKGQPMTFRLLLVDTPETKHPKKGVEKYGPEASAFTKKMVENAKKIEVEFDKGQRTDKYGRGLAYIYADGKMVNEALVRQGLAKVAYVYKPNNTHEQHLRKSEAQAKKEKLNIWS,-0.62,-1.1133432
240,240,1STNA,I10V_Y80V,KLHKEPATLIKAIDGDTVKLMYKGQPMTFRLLLVDTPETKHPKKGVEKYGPEASAFTKKMVENAKKIEVEFDKGQRTDKYGRGLAYIYADGKMVNEALVRQGLAKVAYVYKPNNTHEQHLRKSEAQAKKEKLNIWS,-1.06,-1.7648752
241,241,1STNA,I13M_A64T,KLHKEPATLIKAIDGDTVKLMYKGQPMTFRLLLVDTPETKHPKKGVEKYGPEASAFTKKMVENAKKIEVEFDKGQRTDKYGRGLAYIYADGKMVNEALVRQGLAKVAYVYKPNNTHEQHLRKSEAQAKKEKLNIWS,-0.37,-2.6970358
242,242,1STNA,I13M_A85S,KLHKEPATLIKAIDGDTVKLMYKGQPMTFRLLLVDTPETKHPKKGVEKYGPEASAFTKKMVENAKKIEVEFDKGQRTDKYGRGLAYIYADGKMVNEALVRQGLAKVAYVYKPNNTHEQHLRKSEAQAKKEKLNIWS,-0.5,-1.5886436
243,243,1STNA,I13M_T28S,KLHKEPATLIKAIDGDTVKLMYKGQPMTFRLLLVDTPETKHPKKGVEKYGPEASAFTKKMVENAKKIEVEFDKGQRTDKYGRGLAYIYADGKMVNEALVRQGLAKVAYVYKPNNTHEQHLRKSEAQAKKEKLNIWS,-2.0,-1.5153716
244,244,1STNA,I67L_I87L,KLHKEPATLIKAIDGDTVKLMYKGQPMTFRLLLVDTPETKHPKKGVEKYGPEASAFTKKMVENAKKIEVEFDKGQRTDKYGRGLAYIYADGKMVNEALVRQGLAKVAYVYKPNNTHEQHLRKSEAQAKKEKLNIWS,-0.7,-1.151345
245,245,1STNA,I67L_I87V,KLHKEPATLIKAIDGDTVKLMYKGQPMTFRLLLVDTPETKHPKKGVEKYGPEASAFTKKMVENAKKIEVEFDKGQRTDKYGRGLAYIYADGKMVNEALVRQGLAKVAYVYKPNNTHEQHLRKSEAQAKKEKLNIWS,-0.7,-1.7586914
246,246,1STNA,I67L_V94I,KLHKEPATLIKAIDGDTVKLMYKGQPMTFRLLLVDTPETKHPKKGVEKYGPEASAFTKKMVENAKKIEVEFDKGQRTDKYGRGLAYIYADGKMVNEALVRQGLAKVAYVYKPNNTHEQHLRKSEAQAKKEKLNIWS,-0.5,-0.44859034
247,247,1STNA,I67L_V94L,KLHKEPATLIKAIDGDTVKLMYKGQPMTFRLLLVDTPETKHPKKGVEKYGPEASAFTKKMVENAKKIEVEFDKGQRTDKYGRGLAYIYADGKMVNEALVRQGLAKVAYVYKPNNTHEQHLRKSEAQAKKEKLNIWS,-0.8,0.07719663
248,248,1STNA,E70V_I67V,KLHKEPATLIKAIDGDTVKLMYKGQPMTFRLLLVDTPETKHPKKGVEKYGPEASAFTKKMVENAKKIEVEFDKGQRTDKYGRGLAYIYADGKMVNEALVRQGLAKVAYVYKPNNTHEQHLRKSEAQAKKEKLNIWS,-3.12,-0.8481818
249,249,1STNA,G74S_I67V,KLHKEPATLIKAIDGDTVKLMYKGQPMTFRLLLVDTPETKHPKKGVEKYGPEASAFTKKMVENAKKIEVEFDKGQRTDKYGRGLAYIYADGKMVNEALVRQGLAKVAYVYKPNNTHEQHLRKSEAQAKKEKLNIWS,-3.61,-1.8633225
250,250,1STNA,I67V_I87L,KLHKEPATLIKAIDGDTVKLMYKGQPMTFRLLLVDTPETKHPKKGVEKYGPEASAFTKKMVENAKKIEVEFDKGQRTDKYGRGLAYIYADGKMVNEALVRQGLAKVAYVYKPNNTHEQHLRKSEAQAKKEKLNIWS,-1.8,-0.7974233
251,251,1STNA,I67V_I87V,KLHKEPATLIKAIDGDTVKLMYKGQPMTFRLLLVDTPETKHPKKGVEKYGPEASAFTKKMVENAKKIEVEFDKGQRTDKYGRGLAYIYADGKMVNEALVRQGLAKVAYVYKPNNTHEQHLRKSEAQAKKEKLNIWS,-1.7,-0.9686694
252,252,1STNA,I67V_V94I,KLHKEPATLIKAIDGDTVKLMYKGQPMTFRLLLVDTPETKHPKKGVEKYGPEASAFTKKMVENAKKIEVEFDKGQRTDKYGRGLAYIYADGKMVNEALVRQGLAKVAYVYKPNNTHEQHLRKSEAQAKKEKLNIWS,-1.2,-0.018924482
253,253,1STNA,I67V_V94L,KLHKEPATLIKAIDGDTVKLMYKGQPMTFRLLLVDTPETKHPKKGVEKYGPEASAFTKKMVENAKKIEVEFDKGQRTDKYGRGLAYIYADGKMVNEALVRQGLAKVAYVYKPNNTHEQHLRKSEAQAKKEKLNIWS,-1.7,0.69640344
254,254,1STNA,I67V_Y108A,KLHKEPATLIKAIDGDTVKLMYKGQPMTFRLLLVDTPETKHPKKGVEKYGPEASAFTKKMVENAKKIEVEFDKGQRTDKYGRGLAYIYADGKMVNEALVRQGLAKVAYVYKPNNTHEQHLRKSEAQAKKEKLNIWS,-0.94,-1.4155542
255,255,1STNA,I67V_Y80A,KLHKEPATLIKAIDGDTVKLMYKGQPMTFRLLLVDTPETKHPKKGVEKYGPEASAFTKKMVENAKKIEVEFDKGQRTDKYGRGLAYIYADGKMVNEALVRQGLAKVAYVYKPNNTHEQHLRKSEAQAKKEKLNIWS,-1.6,-2.0283625
256,256,1STNA,I87L_V94I,KLHKEPATLIKAIDGDTVKLMYKGQPMTFRLLLVDTPETKHPKKGVEKYGPEASAFTKKMVENAKKIEVEFDKGQRTDKYGRGLAYIYADGKMVNEALVRQGLAKVAYVYKPNNTHEQHLRKSEAQAKKEKLNIWS,-0.9,0.33548003
257,257,1STNA,I87L_V94L,KLHKEPATLIKAIDGDTVKLMYKGQPMTFRLLLVDTPETKHPKKGVEKYGPEASAFTKKMVENAKKIEVEFDKGQRTDKYGRGLAYIYADGKMVNEALVRQGLAKVAYVYKPNNTHEQHLRKSEAQAKKEKLNIWS,-1.3,0.6813444
258,258,1STNA,I87V_V94I,KLHKEPATLIKAIDGDTVKLMYKGQPMTFRLLLVDTPETKHPKKGVEKYGPEASAFTKKMVENAKKIEVEFDKGQRTDKYGRGLAYIYADGKMVNEALVRQGLAKVAYVYKPNNTHEQHLRKSEAQAKKEKLNIWS,-0.7,0.20468527
259,259,1STNA,I87V_V94L,KLHKEPATLIKAIDGDTVKLMYKGQPMTFRLLLVDTPETKHPKKGVEKYGPEASAFTKKMVENAKKIEVEFDKGQRTDKYGRGLAYIYADGKMVNEALVRQGLAKVAYVYKPNNTHEQHLRKSEAQAKKEKLNIWS,-0.9,0.96899915
260,260,1STNA,L20A_M21A,KLHKEPATLIKAIDGDTVKLMYKGQPMTFRLLLVDTPETKHPKKGVEKYGPEASAFTKKMVENAKKIEVEFDKGQRTDKYGRGLAYIYADGKMVNEALVRQGLAKVAYVYKPNNTHEQHLRKSEAQAKKEKLNIWS,-4.4,-2.8369672
261,261,1STNA,L20I_I67L,KLHKEPATLIKAIDGDTVKLMYKGQPMTFRLLLVDTPETKHPKKGVEKYGPEASAFTKKMVENAKKIEVEFDKGQRTDKYGRGLAYIYADGKMVNEALVRQGLAKVAYVYKPNNTHEQHLRKSEAQAKKEKLNIWS,-1.7,-1.189147
262,262,1STNA,L20I_I67V,KLHKEPATLIKAIDGDTVKLMYKGQPMTFRLLLVDTPETKHPKKGVEKYGPEASAFTKKMVENAKKIEVEFDKGQRTDKYGRGLAYIYADGKMVNEALVRQGLAKVAYVYKPNNTHEQHLRKSEAQAKKEKLNIWS,-3.0,-0.7842423
263,263,1STNA,L20I_V61I,KLHKEPATLIKAIDGDTVKLMYKGQPMTFRLLLVDTPETKHPKKGVEKYGPEASAFTKKMVENAKKIEVEFDKGQRTDKYGRGLAYIYADGKMVNEALVRQGLAKVAYVYKPNNTHEQHLRKSEAQAKKEKLNIWS,-3.0,0.60435057
264,264,1STNA,L20I_V61L,KLHKEPATLIKAIDGDTVKLMYKGQPMTFRLLLVDTPETKHPKKGVEKYGPEASAFTKKMVENAKKIEVEFDKGQRTDKYGRGLAYIYADGKMVNEALVRQGLAKVAYVYKPNNTHEQHLRKSEAQAKKEKLNIWS,-1.9,1.7569388
265,265,1STNA,L20V_I67L,KLHKEPATLIKAIDGDTVKLMYKGQPMTFRLLLVDTPETKHPKKGVEKYGPEASAFTKKMVENAKKIEVEFDKGQRTDKYGRGLAYIYADGKMVNEALVRQGLAKVAYVYKPNNTHEQHLRKSEAQAKKEKLNIWS,-1.6,-1.1870077
266,266,1STNA,L20V_I67V,KLHKEPATLIKAIDGDTVKLMYKGQPMTFRLLLVDTPETKHPKKGVEKYGPEASAFTKKMVENAKKIEVEFDKGQRTDKYGRGLAYIYADGKMVNEALVRQGLAKVAYVYKPNNTHEQHLRKSEAQAKKEKLNIWS,-2.9,-0.43920097
267,267,1STNA,L20V_V61I,KLHKEPATLIKAIDGDTVKLMYKGQPMTFRLLLVDTPETKHPKKGVEKYGPEASAFTKKMVENAKKIEVEFDKGQRTDKYGRGLAYIYADGKMVNEALVRQGLAKVAYVYKPNNTHEQHLRKSEAQAKKEKLNIWS,-2.9,1.0516375
268,268,1STNA,L20V_V61L,KLHKEPATLIKAIDGDTVKLMYKGQPMTFRLLLVDTPETKHPKKGVEKYGPEASAFTKKMVENAKKIEVEFDKGQRTDKYGRGLAYIYADGKMVNEALVRQGLAKVAYVYKPNNTHEQHLRKSEAQAKKEKLNIWS,-1.8,2.048951
269,269,1STNA,L32A_A125G,KLHKEPATLIKAIDGDTVKLMYKGQPMTFRLLLVDTPETKHPKKGVEKYGPEASAFTKKMVENAKKIEVEFDKGQRTDKYGRGLAYIYADGKMVNEALVRQGLAKVAYVYKPNNTHEQHLRKSEAQAKKEKLNIWS,-2.53,-2.0781455
270,270,1STNA,L32A_A64T,KLHKEPATLIKAIDGDTVKLMYKGQPMTFRLLLVDTPETKHPKKGVEKYGPEASAFTKKMVENAKKIEVEFDKGQRTDKYGRGLAYIYADGKMVNEALVRQGLAKVAYVYKPNNTHEQHLRKSEAQAKKEKLNIWS,-4.13,-3.0738654
271,271,1STNA,L32A_A85S,KLHKEPATLIKAIDGDTVKLMYKGQPMTFRLLLVDTPETKHPKKGVEKYGPEASAFTKKMVENAKKIEVEFDKGQRTDKYGRGLAYIYADGKMVNEALVRQGLAKVAYVYKPNNTHEQHLRKSEAQAKKEKLNIWS,-3.32,-2.4601607
272,272,1STNA,L32A_E70V,KLHKEPATLIKAIDGDTVKLMYKGQPMTFRLLLVDTPETKHPKKGVEKYGPEASAFTKKMVENAKKIEVEFDKGQRTDKYGRGLAYIYADGKMVNEALVRQGLAKVAYVYKPNNTHEQHLRKSEAQAKKEKLNIWS,-2.47,-1.6706381
273,273,1STNA,L32A_G74S,KLHKEPATLIKAIDGDTVKLMYKGQPMTFRLLLVDTPETKHPKKGVEKYGPEASAFTKKMVENAKKIEVEFDKGQRTDKYGRGLAYIYADGKMVNEALVRQGLAKVAYVYKPNNTHEQHLRKSEAQAKKEKLNIWS,-1.83,-2.7300673
274,274,1STNA,L32A_I67V,KLHKEPATLIKAIDGDTVKLMYKGQPMTFRLLLVDTPETKHPKKGVEKYGPEASAFTKKMVENAKKIEVEFDKGQRTDKYGRGLAYIYADGKMVNEALVRQGLAKVAYVYKPNNTHEQHLRKSEAQAKKEKLNIWS,-2.78,-2.1688685
275,275,1STNA,L32A_I87V,KLHKEPATLIKAIDGDTVKLMYKGQPMTFRLLLVDTPETKHPKKGVEKYGPEASAFTKKMVENAKKIEVEFDKGQRTDKYGRGLAYIYADGKMVNEALVRQGLAKVAYVYKPNNTHEQHLRKSEAQAKKEKLNIWS,-1.77,-2.44323
276,276,1STNA,L32A_L33A,KLHKEPATLIKAIDGDTVKLMYKGQPMTFRLLLVDTPETKHPKKGVEKYGPEASAFTKKMVENAKKIEVEFDKGQRTDKYGRGLAYIYADGKMVNEALVRQGLAKVAYVYKPNNTHEQHLRKSEAQAKKEKLNIWS,-1.8,-2.0837994
277,277,1STNA,L32A_N113D,KLHKEPATLIKAIDGDTVKLMYKGQPMTFRLLLVDTPETKHPKKGVEKYGPEASAFTKKMVENAKKIEVEFDKGQRTDKYGRGLAYIYADGKMVNEALVRQGLAKVAYVYKPNNTHEQHLRKSEAQAKKEKLNIWS,-1.72,-2.899507
278,278,1STNA,L32A_P112L,KLHKEPATLIKAIDGDTVKLMYKGQPMTFRLLLVDTPETKHPKKGVEKYGPEASAFTKKMVENAKKIEVEFDKGQRTDKYGRGLAYIYADGKMVNEALVRQGLAKVAYVYKPNNTHEQHLRKSEAQAKKEKLNIWS,-1.69,-3.2453883
279,279,1STNA,L32A_Y108A,KLHKEPATLIKAIDGDTVKLMYKGQPMTFRLLLVDTPETKHPKKGVEKYGPEASAFTKKMVENAKKIEVEFDKGQRTDKYGRGLAYIYADGKMVNEALVRQGLAKVAYVYKPNNTHEQHLRKSEAQAKKEKLNIWS,-1.46,-2.6556892
280,280,1STNA,L32A_Y80A,KLHKEPATLIKAIDGDTVKLMYKGQPMTFRLLLVDTPETKHPKKGVEKYGPEASAFTKKMVENAKKIEVEFDKGQRTDKYGRGLAYIYADGKMVNEALVRQGLAKVAYVYKPNNTHEQHLRKSEAQAKKEKLNIWS,-1.98,-2.9175167
281,281,1STNA,L33A_V34A,KLHKEPATLIKAIDGDTVKLMYKGQPMTFRLLLVDTPETKHPKKGVEKYGPEASAFTKKMVENAKKIEVEFDKGQRTDKYGRGLAYIYADGKMVNEALVRQGLAKVAYVYKPNNTHEQHLRKSEAQAKKEKLNIWS,-4.0,-2.6489258
282,282,1STNA,L2A_A125G,KLHKEPATLIKAIDGDTVKLMYKGQPMTFRLLLVDTPETKHPKKGVEKYGPEASAFTKKMVENAKKIEVEFDKGQRTDKYGRGLAYIYADGKMVNEALVRQGLAKVAYVYKPNNTHEQHLRKSEAQAKKEKLNIWS,-2.46,-0.48549736
283,283,1STNA,L2A_E70V,KLHKEPATLIKAIDGDTVKLMYKGQPMTFRLLLVDTPETKHPKKGVEKYGPEASAFTKKMVENAKKIEVEFDKGQRTDKYGRGLAYIYADGKMVNEALVRQGLAKVAYVYKPNNTHEQHLRKSEAQAKKEKLNIWS,-3.64,-0.27683198
284,284,1STNA,L2A_G74S,KLHKEPATLIKAIDGDTVKLMYKGQPMTFRLLLVDTPETKHPKKGVEKYGPEASAFTKKMVENAKKIEVEFDKGQRTDKYGRGLAYIYADGKMVNEALVRQGLAKVAYVYKPNNTHEQHLRKSEAQAKKEKLNIWS,-2.77,-1.4727228
285,285,1STNA,L2A_I10V,KLHKEPATLIKAIDGDTVKLMYKGQPMTFRLLLVDTPETKHPKKGVEKYGPEASAFTKKMVENAKKIEVEFDKGQRTDKYGRGLAYIYADGKMVNEALVRQGLAKVAYVYKPNNTHEQHLRKSEAQAKKEKLNIWS,-2.08,-0.0061734617
286,286,1STNA,L2A_I67V,KLHKEPATLIKAIDGDTVKLMYKGQPMTFRLLLVDTPETKHPKKGVEKYGPEASAFTKKMVENAKKIEVEFDKGQRTDKYGRGLAYIYADGKMVNEALVRQGLAKVAYVYKPNNTHEQHLRKSEAQAKKEKLNIWS,-2.41,-0.64899385
287,287,1STNA,L2A_I87V,KLHKEPATLIKAIDGDTVKLMYKGQPMTFRLLLVDTPETKHPKKGVEKYGPEASAFTKKMVENAKKIEVEFDKGQRTDKYGRGLAYIYADGKMVNEALVRQGLAKVAYVYKPNNTHEQHLRKSEAQAKKEKLNIWS,-1.54,-0.46568567
288,288,1STNA,L2A_L32A,KLHKEPATLIKAIDGDTVKLMYKGQPMTFRLLLVDTPETKHPKKGVEKYGPEASAFTKKMVENAKKIEVEFDKGQRTDKYGRGLAYIYADGKMVNEALVRQGLAKVAYVYKPNNTHEQHLRKSEAQAKKEKLNIWS,-1.65,-1.786404
289,289,1STNA,L2A_V18F,KLHKEPATLIKAIDGDTVKLMYKGQPMTFRLLLVDTPETKHPKKGVEKYGPEASAFTKKMVENAKKIEVEFDKGQRTDKYGRGLAYIYADGKMVNEALVRQGLAKVAYVYKPNNTHEQHLRKSEAQAKKEKLNIWS,-3.65,-0.23667127
290,290,1STNA,L2A_Y108A,KLHKEPATLIKAIDGDTVKLMYKGQPMTFRLLLVDTPETKHPKKGVEKYGPEASAFTKKMVENAKKIEVEFDKGQRTDKYGRGLAYIYADGKMVNEALVRQGLAKVAYVYKPNNTHEQHLRKSEAQAKKEKLNIWS,-1.1,-1.0679483
291,291,1STNA,L2A_Y80A,KLHKEPATLIKAIDGDTVKLMYKGQPMTFRLLLVDTPETKHPKKGVEKYGPEASAFTKKMVENAKKIEVEFDKGQRTDKYGRGLAYIYADGKMVNEALVRQGLAKVAYVYKPNNTHEQHLRKSEAQAKKEKLNIWS,-1.6,-1.5690253
292,292,1STNA,M27A_T28A,KLHKEPATLIKAIDGDTVKLMYKGQPMTFRLLLVDTPETKHPKKGVEKYGPEASAFTKKMVENAKKIEVEFDKGQRTDKYGRGLAYIYADGKMVNEALVRQGLAKVAYVYKPNNTHEQHLRKSEAQAKKEKLNIWS,-3.3,-3.102345
293,293,1STNA,M60A_V61A,KLHKEPATLIKAIDGDTVKLMYKGQPMTFRLLLVDTPETKHPKKGVEKYGPEASAFTKKMVENAKKIEVEFDKGQRTDKYGRGLAYIYADGKMVNEALVRQGLAKVAYVYKPNNTHEQHLRKSEAQAKKEKLNIWS,-4.5,-3.8685637
294,294,1STNA,P112L_N113D,KLHKEPATLIKAIDGDTVKLMYKGQPMTFRLLLVDTPETKHPKKGVEKYGPEASAFTKKMVENAKKIEVEFDKGQRTDKYGRGLAYIYADGKMVNEALVRQGLAKVAYVYKPNNTHEQHLRKSEAQAKKEKLNIWS,-1.0,-3.2789762
295,295,1STNA,T28S_A85S,KLHKEPATLIKAIDGDTVKLMYKGQPMTFRLLLVDTPETKHPKKGVEKYGPEASAFTKKMVENAKKIEVEFDKGQRTDKYGRGLAYIYADGKMVNEALVRQGLAKVAYVYKPNNTHEQHLRKSEAQAKKEKLNIWS,-3.16,-1.7287302
296,296,1STNA,E70V_T28S,KLHKEPATLIKAIDGDTVKLMYKGQPMTFRLLLVDTPETKHPKKGVEKYGPEASAFTKKMVENAKKIEVEFDKGQRTDKYGRGLAYIYADGKMVNEALVRQGLAKVAYVYKPNNTHEQHLRKSEAQAKKEKLNIWS,-3.21,-0.9710254
297,297,1STNA,L32A_T28S,KLHKEPATLIKAIDGDTVKLMYKGQPMTFRLLLVDTPETKHPKKGVEKYGPEASAFTKKMVENAKKIEVEFDKGQRTDKYGRGLAYIYADGKMVNEALVRQGLAKVAYVYKPNNTHEQHLRKSEAQAKKEKLNIWS,-2.21,-2.7875443
298,298,1STNA,T57A_G83V,KLHKEPATLIKAIDGDTVKLMYKGQPMTFRLLLVDTPETKHPKKGVEKYGPEASAFTKKMVENAKKIEVEFDKGQRTDKYGRGLAYIYADGKMVNEALVRQGLAKVAYVYKPNNTHEQHLRKSEAQAKKEKLNIWS,-3.2,0.1455665
299,299,1STNA,T57A_V61L,KLHKEPATLIKAIDGDTVKLMYKGQPMTFRLLLVDTPETKHPKKGVEKYGPEASAFTKKMVENAKKIEVEFDKGQRTDKYGRGLAYIYADGKMVNEALVRQGLAKVAYVYKPNNTHEQHLRKSEAQAKKEKLNIWS,-2.4,-0.5502796
300,300,1STNA,T57G_G83V,KLHKEPATLIKAIDGDTVKLMYKGQPMTFRLLLVDTPETKHPKKGVEKYGPEASAFTKKMVENAKKIEVEFDKGQRTDKYGRGLAYIYADGKMVNEALVRQGLAKVAYVYKPNNTHEQHLRKSEAQAKKEKLNIWS,-3.66,-2.299928
301,301,1STNA,V18F_A125G,KLHKEPATLIKAIDGDTVKLMYKGQPMTFRLLLVDTPETKHPKKGVEKYGPEASAFTKKMVENAKKIEVEFDKGQRTDKYGRGLAYIYADGKMVNEALVRQGLAKVAYVYKPNNTHEQHLRKSEAQAKKEKLNIWS,-3.5,-0.66188455
302,302,1STNA,V18F_A64T,KLHKEPATLIKAIDGDTVKLMYKGQPMTFRLLLVDTPETKHPKKGVEKYGPEASAFTKKMVENAKKIEVEFDKGQRTDKYGRGLAYIYADGKMVNEALVRQGLAKVAYVYKPNNTHEQHLRKSEAQAKKEKLNIWS,-4.0,-2.0408216
303,303,1STNA,V18F_A85S,KLHKEPATLIKAIDGDTVKLMYKGQPMTFRLLLVDTPETKHPKKGVEKYGPEASAFTKKMVENAKKIEVEFDKGQRTDKYGRGLAYIYADGKMVNEALVRQGLAKVAYVYKPNNTHEQHLRKSEAQAKKEKLNIWS,-3.31,-1.1249632
304,304,1STNA,V18F_E70V,KLHKEPATLIKAIDGDTVKLMYKGQPMTFRLLLVDTPETKHPKKGVEKYGPEASAFTKKMVENAKKIEVEFDKGQRTDKYGRGLAYIYADGKMVNEALVRQGLAKVAYVYKPNNTHEQHLRKSEAQAKKEKLNIWS,-4.79,0.32582855
305,305,1STNA,V18F_G74S,KLHKEPATLIKAIDGDTVKLMYKGQPMTFRLLLVDTPETKHPKKGVEKYGPEASAFTKKMVENAKKIEVEFDKGQRTDKYGRGLAYIYADGKMVNEALVRQGLAKVAYVYKPNNTHEQHLRKSEAQAKKEKLNIWS,-4.75,-1.1874437
306,306,1STNA,V18F_I67V,KLHKEPATLIKAIDGDTVKLMYKGQPMTFRLLLVDTPETKHPKKGVEKYGPEASAFTKKMVENAKKIEVEFDKGQRTDKYGRGLAYIYADGKMVNEALVRQGLAKVAYVYKPNNTHEQHLRKSEAQAKKEKLNIWS,-2.9,-0.49301285
307,307,1STNA,V18F_I87V,KLHKEPATLIKAIDGDTVKLMYKGQPMTFRLLLVDTPETKHPKKGVEKYGPEASAFTKKMVENAKKIEVEFDKGQRTDKYGRGLAYIYADGKMVNEALVRQGLAKVAYVYKPNNTHEQHLRKSEAQAKKEKLNIWS,-2.01,0.14737785
308,308,1STNA,V18F_L32A,KLHKEPATLIKAIDGDTVKLMYKGQPMTFRLLLVDTPETKHPKKGVEKYGPEASAFTKKMVENAKKIEVEFDKGQRTDKYGRGLAYIYADGKMVNEALVRQGLAKVAYVYKPNNTHEQHLRKSEAQAKKEKLNIWS,-3.17,-1.4155521
309,309,1STNA,V18F_T28S,KLHKEPATLIKAIDGDTVKLMYKGQPMTFRLLLVDTPETKHPKKGVEKYGPEASAFTKKMVENAKKIEVEFDKGQRTDKYGRGLAYIYADGKMVNEALVRQGLAKVAYVYKPNNTHEQHLRKSEAQAKKEKLNIWS,-2.72,-0.851172
310,310,1STNA,V18F_Y108A,KLHKEPATLIKAIDGDTVKLMYKGQPMTFRLLLVDTPETKHPKKGVEKYGPEASAFTKKMVENAKKIEVEFDKGQRTDKYGRGLAYIYADGKMVNEALVRQGLAKVAYVYKPNNTHEQHLRKSEAQAKKEKLNIWS,-1.89,-0.9990013
311,311,1STNA,V18F_Y80A,KLHKEPATLIKAIDGDTVKLMYKGQPMTFRLLLVDTPETKHPKKGVEKYGPEASAFTKKMVENAKKIEVEFDKGQRTDKYGRGLAYIYADGKMVNEALVRQGLAKVAYVYKPNNTHEQHLRKSEAQAKKEKLNIWS,-2.51,-1.333513
312,312,1STNA,V18I_I67L,KLHKEPATLIKAIDGDTVKLMYKGQPMTFRLLLVDTPETKHPKKGVEKYGPEASAFTKKMVENAKKIEVEFDKGQRTDKYGRGLAYIYADGKMVNEALVRQGLAKVAYVYKPNNTHEQHLRKSEAQAKKEKLNIWS,-0.5,-0.6536355
313,313,1STNA,V18I_I67V,KLHKEPATLIKAIDGDTVKLMYKGQPMTFRLLLVDTPETKHPKKGVEKYGPEASAFTKKMVENAKKIEVEFDKGQRTDKYGRGLAYIYADGKMVNEALVRQGLAKVAYVYKPNNTHEQHLRKSEAQAKKEKLNIWS,-1.1,-0.11288472
314,314,1STNA,V18I_L20I,KLHKEPATLIKAIDGDTVKLMYKGQPMTFRLLLVDTPETKHPKKGVEKYGPEASAFTKKMVENAKKIEVEFDKGQRTDKYGRGLAYIYADGKMVNEALVRQGLAKVAYVYKPNNTHEQHLRKSEAQAKKEKLNIWS,-1.7,0.5774996
315,315,1STNA,V18I_L20V,KLHKEPATLIKAIDGDTVKLMYKGQPMTFRLLLVDTPETKHPKKGVEKYGPEASAFTKKMVENAKKIEVEFDKGQRTDKYGRGLAYIYADGKMVNEALVRQGLAKVAYVYKPNNTHEQHLRKSEAQAKKEKLNIWS,-1.4,1.1546217
316,316,1STNA,V18I_V61I,KLHKEPATLIKAIDGDTVKLMYKGQPMTFRLLLVDTPETKHPKKGVEKYGPEASAFTKKMVENAKKIEVEFDKGQRTDKYGRGLAYIYADGKMVNEALVRQGLAKVAYVYKPNNTHEQHLRKSEAQAKKEKLNIWS,-1.5,1.2438159
317,317,1STNA,V18I_V61L,KLHKEPATLIKAIDGDTVKLMYKGQPMTFRLLLVDTPETKHPKKGVEKYGPEASAFTKKMVENAKKIEVEFDKGQRTDKYGRGLAYIYADGKMVNEALVRQGLAKVAYVYKPNNTHEQHLRKSEAQAKKEKLNIWS,-1.0,2.1043363
318,318,1STNA,V18L_I67L,KLHKEPATLIKAIDGDTVKLMYKGQPMTFRLLLVDTPETKHPKKGVEKYGPEASAFTKKMVENAKKIEVEFDKGQRTDKYGRGLAYIYADGKMVNEALVRQGLAKVAYVYKPNNTHEQHLRKSEAQAKKEKLNIWS,-0.4,-1.5184567
319,319,1STNA,V18L_I67V,KLHKEPATLIKAIDGDTVKLMYKGQPMTFRLLLVDTPETKHPKKGVEKYGPEASAFTKKMVENAKKIEVEFDKGQRTDKYGRGLAYIYADGKMVNEALVRQGLAKVAYVYKPNNTHEQHLRKSEAQAKKEKLNIWS,-1.1,-0.9845458
320,320,1STNA,V18L_L20I,KLHKEPATLIKAIDGDTVKLMYKGQPMTFRLLLVDTPETKHPKKGVEKYGPEASAFTKKMVENAKKIEVEFDKGQRTDKYGRGLAYIYADGKMVNEALVRQGLAKVAYVYKPNNTHEQHLRKSEAQAKKEKLNIWS,-1.5,-0.33574358
321,321,1STNA,V18L_L20V,KLHKEPATLIKAIDGDTVKLMYKGQPMTFRLLLVDTPETKHPKKGVEKYGPEASAFTKKMVENAKKIEVEFDKGQRTDKYGRGLAYIYADGKMVNEALVRQGLAKVAYVYKPNNTHEQHLRKSEAQAKKEKLNIWS,-1.8,-0.019606901
322,322,1STNA,V18L_V61I,KLHKEPATLIKAIDGDTVKLMYKGQPMTFRLLLVDTPETKHPKKGVEKYGPEASAFTKKMVENAKKIEVEFDKGQRTDKYGRGLAYIYADGKMVNEALVRQGLAKVAYVYKPNNTHEQHLRKSEAQAKKEKLNIWS,-1.5,0.21320087
323,323,1STNA,V18L_V61L,KLHKEPATLIKAIDGDTVKLMYKGQPMTFRLLLVDTPETKHPKKGVEKYGPEASAFTKKMVENAKKIEVEFDKGQRTDKYGRGLAYIYADGKMVNEALVRQGLAKVAYVYKPNNTHEQHLRKSEAQAKKEKLNIWS,-1.1,0.8794842
324,324,1STNA,V61I_I67L,KLHKEPATLIKAIDGDTVKLMYKGQPMTFRLLLVDTPETKHPKKGVEKYGPEASAFTKKMVENAKKIEVEFDKGQRTDKYGRGLAYIYADGKMVNEALVRQGLAKVAYVYKPNNTHEQHLRKSEAQAKKEKLNIWS,-1.7,-0.45001626
325,325,1STNA,V61I_I67V,KLHKEPATLIKAIDGDTVKLMYKGQPMTFRLLLVDTPETKHPKKGVEKYGPEASAFTKKMVENAKKIEVEFDKGQRTDKYGRGLAYIYADGKMVNEALVRQGLAKVAYVYKPNNTHEQHLRKSEAQAKKEKLNIWS,-1.2,0.18407623
326,326,1STNA,V61I_I87L,KLHKEPATLIKAIDGDTVKLMYKGQPMTFRLLLVDTPETKHPKKGVEKYGPEASAFTKKMVENAKKIEVEFDKGQRTDKYGRGLAYIYADGKMVNEALVRQGLAKVAYVYKPNNTHEQHLRKSEAQAKKEKLNIWS,-1.9,0.5083448
327,327,1STNA,V61I_I87V,KLHKEPATLIKAIDGDTVKLMYKGQPMTFRLLLVDTPETKHPKKGVEKYGPEASAFTKKMVENAKKIEVEFDKGQRTDKYGRGLAYIYADGKMVNEALVRQGLAKVAYVYKPNNTHEQHLRKSEAQAKKEKLNIWS,-0.7,0.19453116
328,328,1STNA,V61I_V94I,KLHKEPATLIKAIDGDTVKLMYKGQPMTFRLLLVDTPETKHPKKGVEKYGPEASAFTKKMVENAKKIEVEFDKGQRTDKYGRGLAYIYADGKMVNEALVRQGLAKVAYVYKPNNTHEQHLRKSEAQAKKEKLNIWS,-0.7,1.4313415
329,329,1STNA,V61I_V94L,KLHKEPATLIKAIDGDTVKLMYKGQPMTFRLLLVDTPETKHPKKGVEKYGPEASAFTKKMVENAKKIEVEFDKGQRTDKYGRGLAYIYADGKMVNEALVRQGLAKVAYVYKPNNTHEQHLRKSEAQAKKEKLNIWS,-1.3,1.9899528
330,330,1STNA,V61L_G74S,KLHKEPATLIKAIDGDTVKLMYKGQPMTFRLLLVDTPETKHPKKGVEKYGPEASAFTKKMVENAKKIEVEFDKGQRTDKYGRGLAYIYADGKMVNEALVRQGLAKVAYVYKPNNTHEQHLRKSEAQAKKEKLNIWS,-3.45,0.22254756
331,331,1STNA,V61L_G83V,KLHKEPATLIKAIDGDTVKLMYKGQPMTFRLLLVDTPETKHPKKGVEKYGPEASAFTKKMVENAKKIEVEFDKGQRTDKYGRGLAYIYADGKMVNEALVRQGLAKVAYVYKPNNTHEQHLRKSEAQAKKEKLNIWS,-0.585,3.0349789
332,332,1STNA,V61L_I67L,KLHKEPATLIKAIDGDTVKLMYKGQPMTFRLLLVDTPETKHPKKGVEKYGPEASAFTKKMVENAKKIEVEFDKGQRTDKYGRGLAYIYADGKMVNEALVRQGLAKVAYVYKPNNTHEQHLRKSEAQAKKEKLNIWS,-0.9,-0.08046394
333,333,1STNA,V61L_I67V,KLHKEPATLIKAIDGDTVKLMYKGQPMTFRLLLVDTPETKHPKKGVEKYGPEASAFTKKMVENAKKIEVEFDKGQRTDKYGRGLAYIYADGKMVNEALVRQGLAKVAYVYKPNNTHEQHLRKSEAQAKKEKLNIWS,-0.5,0.8892553
334,334,1STNA,V61L_I87L,KLHKEPATLIKAIDGDTVKLMYKGQPMTFRLLLVDTPETKHPKKGVEKYGPEASAFTKKMVENAKKIEVEFDKGQRTDKYGRGLAYIYADGKMVNEALVRQGLAKVAYVYKPNNTHEQHLRKSEAQAKKEKLNIWS,-1.0,0.9687089
335,335,1STNA,V61L_I87V,KLHKEPATLIKAIDGDTVKLMYKGQPMTFRLLLVDTPETKHPKKGVEKYGPEASAFTKKMVENAKKIEVEFDKGQRTDKYGRGLAYIYADGKMVNEALVRQGLAKVAYVYKPNNTHEQHLRKSEAQAKKEKLNIWS,0.1,1.1064391
336,336,1STNA,V61L_V94I,KLHKEPATLIKAIDGDTVKLMYKGQPMTFRLLLVDTPETKHPKKGVEKYGPEASAFTKKMVENAKKIEVEFDKGQRTDKYGRGLAYIYADGKMVNEALVRQGLAKVAYVYKPNNTHEQHLRKSEAQAKKEKLNIWS,-0.6,2.0571074
337,337,1STNA,V61L_V94L,KLHKEPATLIKAIDGDTVKLMYKGQPMTFRLLLVDTPETKHPKKGVEKYGPEASAFTKKMVENAKKIEVEFDKGQRTDKYGRGLAYIYADGKMVNEALVRQGLAKVAYVYKPNNTHEQHLRKSEAQAKKEKLNIWS,0.0,2.4601927
338,338,1STNA,Y80A_Y108A,KLHKEPATLIKAIDGDTVKLMYKGQPMTFRLLLVDTPETKHPKKGVEKYGPEASAFTKKMVENAKKIEVEFDKGQRTDKYGRGLAYIYADGKMVNEALVRQGLAKVAYVYKPNNTHEQHLRKSEAQAKKEKLNIWS,-0.23,-2.0109925
339,339,1TITA,C47S_C63S,LIEVEKPLYGVEVFVGETAHFEIELSEPDVHGQWKLKGQPLTASPDCEIIEDGKKHILILHNCQLGMTGEVSFQAANAKSAANLKVKEL,3.2,-3.6841326
340,340,1UWOA,L3A_F14A,SELEKAMVALIDVFHQYSGREGDKHKLKKSELKELINNELSHFLEEIKEQEVVDKVMETLDNDGDGECDFQEFMAFVAMVTTACHEFFEHE,-7.05,-3.445417
341,341,1UWOA,L3A_I11A,SELEKAMVALIDVFHQYSGREGDKHKLKKSELKELINNELSHFLEEIKEQEVVDKVMETLDNDGDGECDFQEFMAFVAMVTTACHEFFEHE,-2.165,-2.5393257
342,342,1VQBA,C33M_I47C,MIKVEIKPSQAQFTTRSGVSRQGKPYSLNEQLCYVDLGNEYPVLVKITLDEGQPAYAPGLYTVHLSSFKVGQFGSLMIDRLRLVPA,-5.73,-2.4367487
343,343,1VQBA,C33V_V35C,MIKVEIKPSQAQFTTRSGVSRQGKPYSLNEQLCYVDLGNEYPVLVKITLDEGQPAYAPGLYTVHLSSFKVGQFGSLMIDRLRLVPA,-1.57,-1.3847916
344,344,1VQBA,E30F_A86T,MIKVEIKPSQAQFTTRSGVSRQGKPYSLNEQLCYVDLGNEYPVLVKITLDEGQPAYAPGLYTVHLSSFKVGQFGSLMIDRLRLVPA,1.17,-0.19590096
345,345,1VQBA,E30F_A86V,MIKVEIKPSQAQFTTRSGVSRQGKPYSLNEQLCYVDLGNEYPVLVKITLDEGQPAYAPGLYTVHLSSFKVGQFGSLMIDRLRLVPA,2.05,0.5859633
346,346,1VQBA,F13T_E30F,MIKVEIKPSQAQFTTRSGVSRQGKPYSLNEQLCYVDLGNEYPVLVKITLDEGQPAYAPGLYTVHLSSFKVGQFGSLMIDRLRLVPA,1.59,-0.4278691
347,347,1VQBA,H64C_F68L,MIKVEIKPSQAQFTTRSGVSRQGKPYSLNEQLCYVDLGNEYPVLVKITLDEGQPAYAPGLYTVHLSSFKVGQFGSLMIDRLRLVPA,-4.07,-0.6472691
348,348,1VQBA,I6V_E30F,MIKVEIKPSQAQFTTRSGVSRQGKPYSLNEQLCYVDLGNEYPVLVKITLDEGQPAYAPGLYTVHLSSFKVGQFGSLMIDRLRLVPA,0.71,0.05888646
349,349,1VQBA,I6V_M77I,MIKVEIKPSQAQFTTRSGVSRQGKPYSLNEQLCYVDLGNEYPVLVKITLDEGQPAYAPGLYTVHLSSFKVGQFGSLMIDRLRLVPA,0.34,0.6143017
350,350,1VQBA,I6V_M77V,MIKVEIKPSQAQFTTRSGVSRQGKPYSLNEQLCYVDLGNEYPVLVKITLDEGQPAYAPGLYTVHLSSFKVGQFGSLMIDRLRLVPA,-0.04,-0.07178298
351,351,1VQBA,L28V_F68L,MIKVEIKPSQAQFTTRSGVSRQGKPYSLNEQLCYVDLGNEYPVLVKITLDEGQPAYAPGLYTVHLSSFKVGQFGSLMIDRLRLVPA,-3.86,-0.78240955
352,352,1VQBA,L32Y_R82C,MIKVEIKPSQAQFTTRSGVSRQGKPYSLNEQLCYVDLGNEYPVLVKITLDEGQPAYAPGLYTVHLSSFKVGQFGSLMIDRLRLVPA,0.15,0.3329206
353,353,1VQBA,L65P_F68L,MIKVEIKPSQAQFTTRSGVSRQGKPYSLNEQLCYVDLGNEYPVLVKITLDEGQPAYAPGLYTVHLSSFKVGQFGSLMIDRLRLVPA,-4.25,-1.6051743
354,354,1VQBA,V35A_I47A,MIKVEIKPSQAQFTTRSGVSRQGKPYSLNEQLCYVDLGNEYPVLVKITLDEGQPAYAPGLYTVHLSSFKVGQFGSLMIDRLRLVPA,-10.8,-4.022866
355,355,1VQBA,V35A_I47F,MIKVEIKPSQAQFTTRSGVSRQGKPYSLNEQLCYVDLGNEYPVLVKITLDEGQPAYAPGLYTVHLSSFKVGQFGSLMIDRLRLVPA,-2.885,-2.5671625
356,356,1VQBA,V35A_I47L,MIKVEIKPSQAQFTTRSGVSRQGKPYSLNEQLCYVDLGNEYPVLVKITLDEGQPAYAPGLYTVHLSSFKVGQFGSLMIDRLRLVPA,-2.035,-2.0038838
357,357,1VQBA,V35A_I47M,MIKVEIKPSQAQFTTRSGVSRQGKPYSLNEQLCYVDLGNEYPVLVKITLDEGQPAYAPGLYTVHLSSFKVGQFGSLMIDRLRLVPA,-3.955,-2.806128
358,358,1VQBA,V35A_I47V,MIKVEIKPSQAQFTTRSGVSRQGKPYSLNEQLCYVDLGNEYPVLVKITLDEGQPAYAPGLYTVHLSSFKVGQFGSLMIDRLRLVPA,-3.61,-2.8283038
359,359,1VQBA,V35C_I47C,MIKVEIKPSQAQFTTRSGVSRQGKPYSLNEQLCYVDLGNEYPVLVKITLDEGQPAYAPGLYTVHLSSFKVGQFGSLMIDRLRLVPA,-5.95,-3.0524497
360,360,1VQBA,V35F_I47L,MIKVEIKPSQAQFTTRSGVSRQGKPYSLNEQLCYVDLGNEYPVLVKITLDEGQPAYAPGLYTVHLSSFKVGQFGSLMIDRLRLVPA,-3.91,-0.7687643
361,361,1VQBA,V35I_I47F,MIKVEIKPSQAQFTTRSGVSRQGKPYSLNEQLCYVDLGNEYPVLVKITLDEGQPAYAPGLYTVHLSSFKVGQFGSLMIDRLRLVPA,-1.29,-0.6378616
362,362,1VQBA,V35I_I47L,MIKVEIKPSQAQFTTRSGVSRQGKPYSLNEQLCYVDLGNEYPVLVKITLDEGQPAYAPGLYTVHLSSFKVGQFGSLMIDRLRLVPA,-0.64,0.20802006
363,363,1VQBA,V35I_I47M,MIKVEIKPSQAQFTTRSGVSRQGKPYSLNEQLCYVDLGNEYPVLVKITLDEGQPAYAPGLYTVHLSSFKVGQFGSLMIDRLRLVPA,-2.225,-0.8003118
364,364,1VQBA,V35I_I47V,MIKVEIKPSQAQFTTRSGVSRQGKPYSLNEQLCYVDLGNEYPVLVKITLDEGQPAYAPGLYTVHLSSFKVGQFGSLMIDRLRLVPA,-2.61,-1.0184238
365,365,1VQBA,V35L_I47F,MIKVEIKPSQAQFTTRSGVSRQGKPYSLNEQLCYVDLGNEYPVLVKITLDEGQPAYAPGLYTVHLSSFKVGQFGSLMIDRLRLVPA,-3.3,-1.5441754
366,366,1VQBA,V35L_I47L,MIKVEIKPSQAQFTTRSGVSRQGKPYSLNEQLCYVDLGNEYPVLVKITLDEGQPAYAPGLYTVHLSSFKVGQFGSLMIDRLRLVPA,-2.89,-0.828454
367,367,1VQBA,V35L_I47M,MIKVEIKPSQAQFTTRSGVSRQGKPYSLNEQLCYVDLGNEYPVLVKITLDEGQPAYAPGLYTVHLSSFKVGQFGSLMIDRLRLVPA,-4.005,-1.7952228
368,368,1VQBA,V35L_I47V,MIKVEIKPSQAQFTTRSGVSRQGKPYSLNEQLCYVDLGNEYPVLVKITLDEGQPAYAPGLYTVHLSSFKVGQFGSLMIDRLRLVPA,-4.55,-1.8721114
369,369,1VQBA,V35M_I47F,MIKVEIKPSQAQFTTRSGVSRQGKPYSLNEQLCYVDLGNEYPVLVKITLDEGQPAYAPGLYTVHLSSFKVGQFGSLMIDRLRLVPA,-1.275,-1.4932075
370,370,1VQBA,V35M_I47L,MIKVEIKPSQAQFTTRSGVSRQGKPYSLNEQLCYVDLGNEYPVLVKITLDEGQPAYAPGLYTVHLSSFKVGQFGSLMIDRLRLVPA,-1.25,-0.6816306
371,371,1VQBA,V35M_I47M,MIKVEIKPSQAQFTTRSGVSRQGKPYSLNEQLCYVDLGNEYPVLVKITLDEGQPAYAPGLYTVHLSSFKVGQFGSLMIDRLRLVPA,-3.41,-1.748635
372,372,1VQBA,V45C_R82C,MIKVEIKPSQAQFTTRSGVSRQGKPYSLNEQLCYVDLGNEYPVLVKITLDEGQPAYAPGLYTVHLSSFKVGQFGSLMIDRLRLVPA,-1.05,-0.8248898
373,373,1VQBA,Y41F_F73W,MIKVEIKPSQAQFTTRSGVSRQGKPYSLNEQLCYVDLGNEYPVLVKITLDEGQPAYAPGLYTVHLSSFKVGQFGSLMIDRLRLVPA,-0.66,0.83780324
374,374,1WQ5A,F131W_F248W,MERYESLFAQLKERKEGAFVPFVTLGDPGIEQSLKIIDTLIEAGADALELGIPFSDQNATLRAFAAGVTPAQCFEMLALIRQKHPTIPIGLLMYANLVFNKGIDEFYAQCEKVGVDSVLVADVPVEESAPFRQAALRHNVAPIFICPPNADDDLLRQIASYGRGYTYLLSRAGVTENRAALPLNHLVAKLKEYNAAPPLQGFGISAPDQVKAAIDAGAAGAISGSAIVKIIEQHINEPEKMLAALKVFVQPMKAATRS,-0.8,-0.6780182
375,375,1WQ5A,Y167C_G201E,MERYESLFAQLKERKEGAFVPFVTLGDPGIEQSLKIIDTLIEAGADALELGIPFSDQNATLRAFAAGVTPAQCFEMLALIRQKHPTIPIGLLMYANLVFNKGIDEFYAQCEKVGVDSVLVADVPVEESAPFRQAALRHNVAPIFICPPNADDDLLRQIASYGRGYTYLLSRAGVTENRAALPLNHLVAKLKEYNAAPPLQGFGISAPDQVKAAIDAGAAGAISGSAIVKIIEQHINEPEKMLAALKVFVQPMKAATRS,-1.15,-1.4250588
376,376,1YCCA,D95C_C107T,TEFKAGSAKKGATLFKTRCLQCHTVEKGGPHKVGPNLHGIFGRHSGQAEGYSYTDANIKKNVLWDENNMSEYLTNPKKYIPGTKMAFGGLKKEKDRNDLITYLKKACE,0.91,-0.29450655
377,377,1YCCA,F87Y_L90A,TEFKAGSAKKGATLFKTRCLQCHTVEKGGPHKVGPNLHGIFGRHSGQAEGYSYTDANIKKNVLWDENNMSEYLTNPKKYIPGTKMAFGGLKKEKDRNDLITYLKKACE,-2.9,-2.6804717
378,378,1YCCA,G34S_N57I,TEFKAGSAKKGATLFKTRCLQCHTVEKGGPHKVGPNLHGIFGRHSGQAEGYSYTDANIKKNVLWDENNMSEYLTNPKKYIPGTKMAFGGLKKEKDRNDLITYLKKACE,-1.5,-0.96366656
379,379,1YCCA,G11A_N57I,TEFKAGSAKKGATLFKTRCLQCHTVEKGGPHKVGPNLHGIFGRHSGQAEGYSYTDANIKKNVLWDENNMSEYLTNPKKYIPGTKMAFGGLKKEKDRNDLITYLKKACE,-0.635,-1.1399996
380,380,1YCCA,G11S_N57I,TEFKAGSAKKGATLFKTRCLQCHTVEKGGPHKVGPNLHGIFGRHSGQAEGYSYTDANIKKNVLWDENNMSEYLTNPKKYIPGTKMAFGGLKKEKDRNDLITYLKKACE,-0.31,-1.3853317
381,381,1YCCA,H38P_N57I,TEFKAGSAKKGATLFKTRCLQCHTVEKGGPHKVGPNLHGIFGRHSGQAEGYSYTDANIKKNVLWDENNMSEYLTNPKKYIPGTKMAFGGLKKEKDRNDLITYLKKACE,-0.8,0.45072806
382,382,1YCCA,N57A_C107A,TEFKAGSAKKGATLFKTRCLQCHTVEKGGPHKVGPNLHGIFGRHSGQAEGYSYTDANIKKNVLWDENNMSEYLTNPKKYIPGTKMAFGGLKKEKDRNDLITYLKKACE,3.9,-0.24060428
383,383,1YCCA,N57G_C107A,TEFKAGSAKKGATLFKTRCLQCHTVEKGGPHKVGPNLHGIFGRHSGQAEGYSYTDANIKKNVLWDENNMSEYLTNPKKYIPGTKMAFGGLKKEKDRNDLITYLKKACE,0.9,-0.8252177
384,384,1YCCA,N57I_C107A,TEFKAGSAKKGATLFKTRCLQCHTVEKGGPHKVGPNLHGIFGRHSGQAEGYSYTDANIKKNVLWDENNMSEYLTNPKKYIPGTKMAFGGLKKEKDRNDLITYLKKACE,6.2,1.3748211
385,385,1YCCA,R18C_C107T,TEFKAGSAKKGATLFKTRCLQCHTVEKGGPHKVGPNLHGIFGRHSGQAEGYSYTDANIKKNVLWDENNMSEYLTNPKKYIPGTKMAFGGLKKEKDRNDLITYLKKACE,4.21,0.08170411
386,386,1YCCA,T74E_C107T,TEFKAGSAKKGATLFKTRCLQCHTVEKGGPHKVGPNLHGIFGRHSGQAEGYSYTDANIKKNVLWDENNMSEYLTNPKKYIPGTKMAFGGLKKEKDRNDLITYLKKACE,0.76,0.39858204
387,387,1YCCA,T101A_C107T,TEFKAGSAKKGATLFKTRCLQCHTVEKGGPHKVGPNLHGIFGRHSGQAEGYSYTDANIKKNVLWDENNMSEYLTNPKKYIPGTKMAFGGLKKEKDRNDLITYLKKACE,-2.225,1.672477
388,388,2ABDA,K52M_K54M,SQAEFDKAAEEVKHLKTKPADEEMLFIYSHYKQATVGDINTERPGMLDFKGKAKWDAWNELKGTSKEDAMKAYIDKVEELKKKYGI,1.01,-0.12877667
389,389,2AC0A,C31W_M40L,SSSVPSQKTYQGSYGFRLGFLHSGTAKSVTCTYSPALNKMFCQLAKTCPVQLWVDSTPPPGTRVRAMAIYKQSQHMTEVVRRCPHHERCSDSDGLAPPQHLIRVEGNLRVEYLDDRNTFRHSVVVPYEPPEVGSDCTTIHYNYMCNSSCMGGMNRRPILTIITLEDSSGNLLGRNSFEVRVCACPGRDRRTEEENLRKK,-1.3,1.3710926
390,390,2AC0A,L52I_V64I,SSSVPSQKTYQGSYGFRLGFLHSGTAKSVTCTYSPALNKMFCQLAKTCPVQLWVDSTPPPGTRVRAMAIYKQSQHMTEVVRRCPHHERCSDSDGLAPPQHLIRVEGNLRVEYLDDRNTFRHSVVVPYEPPEVGSDCTTIHYNYMCNSSCMGGMNRRPILTIITLEDSSGNLLGRNSFEVRVCACPGRDRRTEEENLRKK,-1.2,0.6293682
391,391,2AC0A,L52V_V64L,SSSVPSQKTYQGSYGFRLGFLHSGTAKSVTCTYSPALNKMFCQLAKTCPVQLWVDSTPPPGTRVRAMAIYKQSQHMTEVVRRCPHHERCSDSDGLAPPQHLIRVEGNLRVEYLDDRNTFRHSVVVPYEPPEVGSDCTTIHYNYMCNSSCMGGMNRRPILTIITLEDSSGNLLGRNSFEVRVCACPGRDRRTEEENLRKK,0.8,0.6311857
392,392,2AFGA,C7S_H84G,KPKLLYCSNGGHFLRILPDGTVDGTRDRSDQHIQLQLSAESVGEVYIKSTETGQYLAMDTDGLLYGSQTPNEECLFLERLEENHYNTYISKKHAEKNWFVGLKKNGSCKRGPRTHYGQKAILFLPLPVS,-1.0,0.97986186
393,393,2AFGA,C74S_C108S,KPKLLYCSNGGHFLRILPDGTVDGTRDRSDQHIQLQLSAESVGEVYIKSTETGQYLAMDTDGLLYGSQTPNEECLFLERLEENHYNTYISKKHAEKNWFVGLKKNGSCKRGPRTHYGQKAILFLPLPVS,-1.805,-1.5860641
394,394,2AFGA,C74T_C108V,KPKLLYCSNGGHFLRILPDGTVDGTRDRSDQHIQLQLSAESVGEVYIKSTETGQYLAMDTDGLLYGSQTPNEECLFLERLEENHYNTYISKKHAEKNWFVGLKKNGSCKRGPRTHYGQKAILFLPLPVS,1.46,0.026631286
395,395,2AFGA,H93Y_F99Y,KPKLLYCSNGGHFLRILPDGTVDGTRDRSDQHIQLQLSAESVGEVYIKSTETGQYLAMDTDGLLYGSQTPNEECLFLERLEENHYNTYISKKHAEKNWFVGLKKNGSCKRGPRTHYGQKAILFLPLPVS,0.5805,1.0420802
396,396,2AFGA,H12Y_F99Y,KPKLLYCSNGGHFLRILPDGTVDGTRDRSDQHIQLQLSAESVGEVYIKSTETGQYLAMDTDGLLYGSQTPNEECLFLERLEENHYNTYISKKHAEKNWFVGLKKNGSCKRGPRTHYGQKAILFLPLPVS,0.7145,1.1790898
397,397,2AFGA,H12Y_H93Y,KPKLLYCSNGGHFLRILPDGTVDGTRDRSDQHIQLQLSAESVGEVYIKSTETGQYLAMDTDGLLYGSQTPNEECLFLERLEENHYNTYISKKHAEKNWFVGLKKNGSCKRGPRTHYGQKAILFLPLPVS,0.733,1.5992815
398,398,2AFGA,H12Y_L35F,KPKLLYCSNGGHFLRILPDGTVDGTRDRSDQHIQLQLSAESVGEVYIKSTETGQYLAMDTDGLLYGSQTPNEECLFLERLEENHYNTYISKKHAEKNWFVGLKKNGSCKRGPRTHYGQKAILFLPLPVS,0.992,1.5973803
399,399,2AFGA,L35F_F99Y,KPKLLYCSNGGHFLRILPDGTVDGTRDRSDQHIQLQLSAESVGEVYIKSTETGQYLAMDTDGLLYGSQTPNEECLFLERLEENHYNTYISKKHAEKNWFVGLKKNGSCKRGPRTHYGQKAILFLPLPVS,0.6705,0.9140732
400,400,2AFGA,L35F_H93Y,KPKLLYCSNGGHFLRILPDGTVDGTRDRSDQHIQLQLSAESVGEVYIKSTETGQYLAMDTDGLLYGSQTPNEECLFLERLEENHYNTYISKKHAEKNWFVGLKKNGSCKRGPRTHYGQKAILFLPLPVS,0.683,1.2315038
401,401,2AFGA,L35W_F123W,KPKLLYCSNGGHFLRILPDGTVDGTRDRSDQHIQLQLSAESVGEVYIKSTETGQYLAMDTDGLLYGSQTPNEECLFLERLEENHYNTYISKKHAEKNWFVGLKKNGSCKRGPRTHYGQKAILFLPLPVS,-0.93,-0.27517098
402,402,2AFGA,L64V_V100L,KPKLLYCSNGGHFLRILPDGTVDGTRDRSDQHIQLQLSAESVGEVYIKSTETGQYLAMDTDGLLYGSQTPNEECLFLERLEENHYNTYISKKHAEKNWFVGLKKNGSCKRGPRTHYGQKAILFLPLPVS,-0.88,-0.6422836
403,403,2CI2I,E15A_E16A,NLKTEWPELVGKSVEEAKKVILQDKPEAQIIVLPVGTIVTMEYRIDRVRLFVDKLDNIAEVPRVG,-0.37,-1.4689989
404,404,2CI2I,I30A_I58V,NLKTEWPELVGKSVEEAKKVILQDKPEAQIIVLPVGTIVTMEYRIDRVRLFVDKLDNIAEVPRVG,-4.08,-3.2127542
405,405,2CI2I,K3A_E8A,NLKTEWPELVGKSVEEAKKVILQDKPEAQIIVLPVGTIVTMEYRIDRVRLFVDKLDNIAEVPRVG,-1.17,-1.3527782
406,406,2CI2I,K25A_E27A,NLKTEWPELVGKSVEEAKKVILQDKPEAQIIVLPVGTIVTMEYRIDRVRLFVDKLDNIAEVPRVG,0.95,-1.4722521
407,407,2CI2I,L33A_F51A,NLKTEWPELVGKSVEEAKKVILQDKPEAQIIVLPVGTIVTMEYRIDRVRLFVDKLDNIAEVPRVG,-5.16,-4.0449176
408,408,2CI2I,L33A_F51L,NLKTEWPELVGKSVEEAKKVILQDKPEAQIIVLPVGTIVTMEYRIDRVRLFVDKLDNIAEVPRVG,-3.25,-3.6246815
409,409,2CI2I,L33A_V39A,NLKTEWPELVGKSVEEAKKVILQDKPEAQIIVLPVGTIVTMEYRIDRVRLFVDKLDNIAEVPRVG,-2.95,-3.3754168
410,410,2CI2I,L33V_F51A,NLKTEWPELVGKSVEEAKKVILQDKPEAQIIVLPVGTIVTMEYRIDRVRLFVDKLDNIAEVPRVG,-3.26,-3.5526867
411,411,2CI2I,L33V_F51L,NLKTEWPELVGKSVEEAKKVILQDKPEAQIIVLPVGTIVTMEYRIDRVRLFVDKLDNIAEVPRVG,-1.08,-2.2271874
412,412,2CI2I,L33V_V39A,NLKTEWPELVGKSVEEAKKVILQDKPEAQIIVLPVGTIVTMEYRIDRVRLFVDKLDNIAEVPRVG,-1.93,-2.0918736
413,413,2CI2I,P7A_A17G,NLKTEWPELVGKSVEEAKKVILQDKPEAQIIVLPVGTIVTMEYRIDRVRLFVDKLDNIAEVPRVG,-1.3,-2.993357
414,414,2CI2I,Q29M_M41L,NLKTEWPELVGKSVEEAKKVILQDKPEAQIIVLPVGTIVTMEYRIDRVRLFVDKLDNIAEVPRVG,-0.18,-0.09119049
415,415,2CI2I,R44A_D46A,NLKTEWPELVGKSVEEAKKVILQDKPEAQIIVLPVGTIVTMEYRIDRVRLFVDKLDNIAEVPRVG,-2.46,-2.8103762
416,416,2CI2I,T40A_E42A,NLKTEWPELVGKSVEEAKKVILQDKPEAQIIVLPVGTIVTMEYRIDRVRLFVDKLDNIAEVPRVG,-0.67,-1.9281263
417,417,2CI2I,T40D_E42A,NLKTEWPELVGKSVEEAKKVILQDKPEAQIIVLPVGTIVTMEYRIDRVRLFVDKLDNIAEVPRVG,-0.24,-1.4671032
418,418,2CI2I,V39A_F51L,NLKTEWPELVGKSVEEAKKVILQDKPEAQIIVLPVGTIVTMEYRIDRVRLFVDKLDNIAEVPRVG,-2.2,-2.712308
419,419,2CI2I,V39A_V61A,NLKTEWPELVGKSVEEAKKVILQDKPEAQIIVLPVGTIVTMEYRIDRVRLFVDKLDNIAEVPRVG,-3.78,-2.3928866
420,420,2HPRA,A1K_N70E,AQKTFKVTADSGIHARPATVLVQTASKYDADVNLEYNGKTVNLKSIMGVVSLGIAKGAEITISASGADENDALNALEETMKCEGLGE,1.1,0.15896136
421,421,2HPRA,A1R_N70E,AQKTFKVTADSGIHARPATVLVQTASKYDADVNLEYNGKTVNLKSIMGVVSLGIAKGAEITISASGADENDALNALEETMKCEGLGE,1.55,0.10520698
422,422,2IFBA,G65A_V66F,AFDGTWKVDRNENYEKFMEKMGINVVKRKLGAHDNLKLTITQEGNKFTVKESSNFRNIDVVFELGVDFAYSLADGTELTGTWTMEGNKLVGKFKRVDNGKELIAVREISGNELIQTYTYEGVEAKRIFKKE,-0.57,-1.3478061
423,423,2IFBA,G65A_V66R,AFDGTWKVDRNENYEKFMEKMGINVVKRKLGAHDNLKLTITQEGNKFTVKESSNFRNIDVVFELGVDFAYSLADGTELTGTWTMEGNKLVGKFKRVDNGKELIAVREISGNELIQTYTYEGVEAKRIFKKE,-2.16,-0.7332809
424,424,2IFBA,G65A_V66W,AFDGTWKVDRNENYEKFMEKMGINVVKRKLGAHDNLKLTITQEGNKFTVKESSNFRNIDVVFELGVDFAYSLADGTELTGTWTMEGNKLVGKFKRVDNGKELIAVREISGNELIQTYTYEGVEAKRIFKKE,-4.17,-0.847242
425,425,2IFBA,G65D_V66F,AFDGTWKVDRNENYEKFMEKMGINVVKRKLGAHDNLKLTITQEGNKFTVKESSNFRNIDVVFELGVDFAYSLADGTELTGTWTMEGNKLVGKFKRVDNGKELIAVREISGNELIQTYTYEGVEAKRIFKKE,-2.47,-0.7014313
426,426,2IFBA,G65D_V66H,AFDGTWKVDRNENYEKFMEKMGINVVKRKLGAHDNLKLTITQEGNKFTVKESSNFRNIDVVFELGVDFAYSLADGTELTGTWTMEGNKLVGKFKRVDNGKELIAVREISGNELIQTYTYEGVEAKRIFKKE,-0.82,-0.66725206
427,427,2LZMA,A129M_F153A,MNIFEMLRIDEGLRLKIYKDTEGYYTIGIGHLLTKSPSLNAAKSELDKAIGRNCNGVITKDEAEKLFNQDVDAAVRGILRNAKLKPVYDSLDAVRRCALINMVFQMGETGVAGFTNSLRMLQQKRWDEAAVNLAKSRWYNQTPNRAKRVITTFRTGTWDAYKNL,-4.3,-4.0369396
428,428,2LZMA,A41V_V131A,MNIFEMLRIDEGLRLKIYKDTEGYYTIGIGHLLTKSPSLNAAKSELDKAIGRNCNGVITKDEAEKLFNQDVDAAVRGILRNAKLKPVYDSLDAVRRCALINMVFQMGETGVAGFTNSLRMLQQKRWDEAAVNLAKSRWYNQTPNRAKRVITTFRTGTWDAYKNL,0.6,0.6035825
429,429,2LZMA,A98V_T152S,MNIFEMLRIDEGLRLKIYKDTEGYYTIGIGHLLTKSPSLNAAKSELDKAIGRNCNGVITKDEAEKLFNQDVDAAVRGILRNAKLKPVYDSLDAVRRCALINMVFQMGETGVAGFTNSLRMLQQKRWDEAAVNLAKSRWYNQTPNRAKRVITTFRTGTWDAYKNL,-5.5,-4.1110525
430,430,2LZMA,C54T_C97A,MNIFEMLRIDEGLRLKIYKDTEGYYTIGIGHLLTKSPSLNAAKSELDKAIGRNCNGVITKDEAEKLFNQDVDAAVRGILRNAKLKPVYDSLDAVRRCALINMVFQMGETGVAGFTNSLRMLQQKRWDEAAVNLAKSRWYNQTPNRAKRVITTFRTGTWDAYKNL,-1.27,0.3891834
431,431,2LZMA,C54V_C97S,MNIFEMLRIDEGLRLKIYKDTEGYYTIGIGHLLTKSPSLNAAKSELDKAIGRNCNGVITKDEAEKLFNQDVDAAVRGILRNAKLKPVYDSLDAVRRCALINMVFQMGETGVAGFTNSLRMLQQKRWDEAAVNLAKSRWYNQTPNRAKRVITTFRTGTWDAYKNL,-2.1,-0.793628
432,432,2LZMA,D127A_E128A,MNIFEMLRIDEGLRLKIYKDTEGYYTIGIGHLLTKSPSLNAAKSELDKAIGRNCNGVITKDEAEKLFNQDVDAAVRGILRNAKLKPVYDSLDAVRRCALINMVFQMGETGVAGFTNSLRMLQQKRWDEAAVNLAKSRWYNQTPNRAKRVITTFRTGTWDAYKNL,0.24,-1.1840477
433,433,2LZMA,D89A_R96H,MNIFEMLRIDEGLRLKIYKDTEGYYTIGIGHLLTKSPSLNAAKSELDKAIGRNCNGVITKDEAEKLFNQDVDAAVRGILRNAKLKPVYDSLDAVRRCALINMVFQMGETGVAGFTNSLRMLQQKRWDEAAVNLAKSRWYNQTPNRAKRVITTFRTGTWDAYKNL,-3.8,-2.9436517
434,434,2LZMA,E128A_V131A,MNIFEMLRIDEGLRLKIYKDTEGYYTIGIGHLLTKSPSLNAAKSELDKAIGRNCNGVITKDEAEKLFNQDVDAAVRGILRNAKLKPVYDSLDAVRRCALINMVFQMGETGVAGFTNSLRMLQQKRWDEAAVNLAKSRWYNQTPNRAKRVITTFRTGTWDAYKNL,0.44,-0.072716735
435,435,2LZMA,E45A_K48A,MNIFEMLRIDEGLRLKIYKDTEGYYTIGIGHLLTKSPSLNAAKSELDKAIGRNCNGVITKDEAEKLFNQDVDAAVRGILRNAKLKPVYDSLDAVRRCALINMVFQMGETGVAGFTNSLRMLQQKRWDEAAVNLAKSRWYNQTPNRAKRVITTFRTGTWDAYKNL,0.01,-0.35122025
436,436,2LZMA,H31N_D70N,MNIFEMLRIDEGLRLKIYKDTEGYYTIGIGHLLTKSPSLNAAKSELDKAIGRNCNGVITKDEAEKLFNQDVDAAVRGILRNAKLKPVYDSLDAVRRCALINMVFQMGETGVAGFTNSLRMLQQKRWDEAAVNLAKSRWYNQTPNRAKRVITTFRTGTWDAYKNL,-4.0,-2.7175727
437,437,2LZMA,K135E_K147E,MNIFEMLRIDEGLRLKIYKDTEGYYTIGIGHLLTKSPSLNAAKSELDKAIGRNCNGVITKDEAEKLFNQDVDAAVRGILRNAKLKPVYDSLDAVRRCALINMVFQMGETGVAGFTNSLRMLQQKRWDEAAVNLAKSRWYNQTPNRAKRVITTFRTGTWDAYKNL,-1.5,-0.48636493
438,438,2LZMA,K16E_K135E,MNIFEMLRIDEGLRLKIYKDTEGYYTIGIGHLLTKSPSLNAAKSELDKAIGRNCNGVITKDEAEKLFNQDVDAAVRGILRNAKLKPVYDSLDAVRRCALINMVFQMGETGVAGFTNSLRMLQQKRWDEAAVNLAKSRWYNQTPNRAKRVITTFRTGTWDAYKNL,-0.7,-0.20269917
439,439,2LZMA,K16E_R119E,MNIFEMLRIDEGLRLKIYKDTEGYYTIGIGHLLTKSPSLNAAKSELDKAIGRNCNGVITKDEAEKLFNQDVDAAVRGILRNAKLKPVYDSLDAVRRCALINMVFQMGETGVAGFTNSLRMLQQKRWDEAAVNLAKSRWYNQTPNRAKRVITTFRTGTWDAYKNL,0.4,0.1588516
440,440,2LZMA,K16E_R154E,MNIFEMLRIDEGLRLKIYKDTEGYYTIGIGHLLTKSPSLNAAKSELDKAIGRNCNGVITKDEAEKLFNQDVDAAVRGILRNAKLKPVYDSLDAVRRCALINMVFQMGETGVAGFTNSLRMLQQKRWDEAAVNLAKSRWYNQTPNRAKRVITTFRTGTWDAYKNL,-0.8,-0.39454925
441,441,2LZMA,K83H_A112D,MNIFEMLRIDEGLRLKIYKDTEGYYTIGIGHLLTKSPSLNAAKSELDKAIGRNCNGVITKDEAEKLFNQDVDAAVRGILRNAKLKPVYDSLDAVRRCALINMVFQMGETGVAGFTNSLRMLQQKRWDEAAVNLAKSRWYNQTPNRAKRVITTFRTGTWDAYKNL,-1.5,-1.3675597
442,442,2LZMA,K85A_R96H,MNIFEMLRIDEGLRLKIYKDTEGYYTIGIGHLLTKSPSLNAAKSELDKAIGRNCNGVITKDEAEKLFNQDVDAAVRGILRNAKLKPVYDSLDAVRRCALINMVFQMGETGVAGFTNSLRMLQQKRWDEAAVNLAKSRWYNQTPNRAKRVITTFRTGTWDAYKNL,-3.6,-2.0886416
443,443,2LZMA,L121A_A129L,MNIFEMLRIDEGLRLKIYKDTEGYYTIGIGHLLTKSPSLNAAKSELDKAIGRNCNGVITKDEAEKLFNQDVDAAVRGILRNAKLKPVYDSLDAVRRCALINMVFQMGETGVAGFTNSLRMLQQKRWDEAAVNLAKSRWYNQTPNRAKRVITTFRTGTWDAYKNL,-1.1,-2.4772677
444,444,2LZMA,L121A_A129M,MNIFEMLRIDEGLRLKIYKDTEGYYTIGIGHLLTKSPSLNAAKSELDKAIGRNCNGVITKDEAEKLFNQDVDAAVRGILRNAKLKPVYDSLDAVRRCALINMVFQMGETGVAGFTNSLRMLQQKRWDEAAVNLAKSRWYNQTPNRAKRVITTFRTGTWDAYKNL,-1.0,-2.437241
445,445,2LZMA,K60H_L13D,MNIFEMLRIDEGLRLKIYKDTEGYYTIGIGHLLTKSPSLNAAKSELDKAIGRNCNGVITKDEAEKLFNQDVDAAVRGILRNAKLKPVYDSLDAVRRCALINMVFQMGETGVAGFTNSLRMLQQKRWDEAAVNLAKSRWYNQTPNRAKRVITTFRTGTWDAYKNL,-2.8,-1.8748152
446,446,2LZMA,L99A_E108V,MNIFEMLRIDEGLRLKIYKDTEGYYTIGIGHLLTKSPSLNAAKSELDKAIGRNCNGVITKDEAEKLFNQDVDAAVRGILRNAKLKPVYDSLDAVRRCALINMVFQMGETGVAGFTNSLRMLQQKRWDEAAVNLAKSRWYNQTPNRAKRVITTFRTGTWDAYKNL,-3.1,-3.76288
447,447,2LZMA,L99A_F153A,MNIFEMLRIDEGLRLKIYKDTEGYYTIGIGHLLTKSPSLNAAKSELDKAIGRNCNGVITKDEAEKLFNQDVDAAVRGILRNAKLKPVYDSLDAVRRCALINMVFQMGETGVAGFTNSLRMLQQKRWDEAAVNLAKSRWYNQTPNRAKRVITTFRTGTWDAYKNL,-6.9,-4.394902
448,448,2LZMA,L99F_F153L,MNIFEMLRIDEGLRLKIYKDTEGYYTIGIGHLLTKSPSLNAAKSELDKAIGRNCNGVITKDEAEKLFNQDVDAAVRGILRNAKLKPVYDSLDAVRRCALINMVFQMGETGVAGFTNSLRMLQQKRWDEAAVNLAKSRWYNQTPNRAKRVITTFRTGTWDAYKNL,0.03,-2.1208906
449,449,2LZMA,L99F_M102L,MNIFEMLRIDEGLRLKIYKDTEGYYTIGIGHLLTKSPSLNAAKSELDKAIGRNCNGVITKDEAEKLFNQDVDAAVRGILRNAKLKPVYDSLDAVRRCALINMVFQMGETGVAGFTNSLRMLQQKRWDEAAVNLAKSRWYNQTPNRAKRVITTFRTGTWDAYKNL,-0.75,-1.7428136
450,450,2LZMA,L99F_V111I,MNIFEMLRIDEGLRLKIYKDTEGYYTIGIGHLLTKSPSLNAAKSELDKAIGRNCNGVITKDEAEKLFNQDVDAAVRGILRNAKLKPVYDSLDAVRRCALINMVFQMGETGVAGFTNSLRMLQQKRWDEAAVNLAKSRWYNQTPNRAKRVITTFRTGTWDAYKNL,-0.93,-1.7378142
451,451,2LZMA,L99G_E108V,MNIFEMLRIDEGLRLKIYKDTEGYYTIGIGHLLTKSPSLNAAKSELDKAIGRNCNGVITKDEAEKLFNQDVDAAVRGILRNAKLKPVYDSLDAVRRCALINMVFQMGETGVAGFTNSLRMLQQKRWDEAAVNLAKSRWYNQTPNRAKRVITTFRTGTWDAYKNL,-5.6,-4.0604577
452,452,2LZMA,M102L_V111F,MNIFEMLRIDEGLRLKIYKDTEGYYTIGIGHLLTKSPSLNAAKSELDKAIGRNCNGVITKDEAEKLFNQDVDAAVRGILRNAKLKPVYDSLDAVRRCALINMVFQMGETGVAGFTNSLRMLQQKRWDEAAVNLAKSRWYNQTPNRAKRVITTFRTGTWDAYKNL,-2.11,-1.2392898
453,453,2LZMA,M120A_Q122A,MNIFEMLRIDEGLRLKIYKDTEGYYTIGIGHLLTKSPSLNAAKSELDKAIGRNCNGVITKDEAEKLFNQDVDAAVRGILRNAKLKPVYDSLDAVRRCALINMVFQMGETGVAGFTNSLRMLQQKRWDEAAVNLAKSRWYNQTPNRAKRVITTFRTGTWDAYKNL,-0.25,-0.48985732
454,454,2LZMA,M6I_R96H,MNIFEMLRIDEGLRLKIYKDTEGYYTIGIGHLLTKSPSLNAAKSELDKAIGRNCNGVITKDEAEKLFNQDVDAAVRGILRNAKLKPVYDSLDAVRRCALINMVFQMGETGVAGFTNSLRMLQQKRWDEAAVNLAKSRWYNQTPNRAKRVITTFRTGTWDAYKNL,-5.08,-2.8969269
455,455,2LZMA,N116A_M120A,MNIFEMLRIDEGLRLKIYKDTEGYYTIGIGHLLTKSPSLNAAKSELDKAIGRNCNGVITKDEAEKLFNQDVDAAVRGILRNAKLKPVYDSLDAVRRCALINMVFQMGETGVAGFTNSLRMLQQKRWDEAAVNLAKSRWYNQTPNRAKRVITTFRTGTWDAYKNL,0.21,-0.7031907
456,456,2LZMA,N116D_R119M,MNIFEMLRIDEGLRLKIYKDTEGYYTIGIGHLLTKSPSLNAAKSELDKAIGRNCNGVITKDEAEKLFNQDVDAAVRGILRNAKLKPVYDSLDAVRRCALINMVFQMGETGVAGFTNSLRMLQQKRWDEAAVNLAKSRWYNQTPNRAKRVITTFRTGTWDAYKNL,0.6,0.51898795
457,457,2LZMA,N144E_K147M,MNIFEMLRIDEGLRLKIYKDTEGYYTIGIGHLLTKSPSLNAAKSELDKAIGRNCNGVITKDEAEKLFNQDVDAAVRGILRNAKLKPVYDSLDAVRRCALINMVFQMGETGVAGFTNSLRMLQQKRWDEAAVNLAKSRWYNQTPNRAKRVITTFRTGTWDAYKNL,0.4,-0.041889414
458,458,2LZMA,R119A_Q123A,MNIFEMLRIDEGLRLKIYKDTEGYYTIGIGHLLTKSPSLNAAKSELDKAIGRNCNGVITKDEAEKLFNQDVDAAVRGILRNAKLKPVYDSLDAVRRCALINMVFQMGETGVAGFTNSLRMLQQKRWDEAAVNLAKSRWYNQTPNRAKRVITTFRTGTWDAYKNL,-0.17,-0.37658456
459,459,2LZMA,R119E_K135E,MNIFEMLRIDEGLRLKIYKDTEGYYTIGIGHLLTKSPSLNAAKSELDKAIGRNCNGVITKDEAEKLFNQDVDAAVRGILRNAKLKPVYDSLDAVRRCALINMVFQMGETGVAGFTNSLRMLQQKRWDEAAVNLAKSRWYNQTPNRAKRVITTFRTGTWDAYKNL,-1.1,-0.40396398
460,460,2LZMA,R80K_R119H,MNIFEMLRIDEGLRLKIYKDTEGYYTIGIGHLLTKSPSLNAAKSELDKAIGRNCNGVITKDEAEKLFNQDVDAAVRGILRNAKLKPVYDSLDAVRRCALINMVFQMGETGVAGFTNSLRMLQQKRWDEAAVNLAKSRWYNQTPNRAKRVITTFRTGTWDAYKNL,-0.47,-0.90487933
461,461,2LZMA,S117A_N132I,MNIFEMLRIDEGLRLKIYKDTEGYYTIGIGHLLTKSPSLNAAKSELDKAIGRNCNGVITKDEAEKLFNQDVDAAVRGILRNAKLKPVYDSLDAVRRCALINMVFQMGETGVAGFTNSLRMLQQKRWDEAAVNLAKSRWYNQTPNRAKRVITTFRTGTWDAYKNL,2.0,0.9151267
462,462,2LZMA,S117A_N132M,MNIFEMLRIDEGLRLKIYKDTEGYYTIGIGHLLTKSPSLNAAKSELDKAIGRNCNGVITKDEAEKLFNQDVDAAVRGILRNAKLKPVYDSLDAVRRCALINMVFQMGETGVAGFTNSLRMLQQKRWDEAAVNLAKSRWYNQTPNRAKRVITTFRTGTWDAYKNL,1.8,1.4693992
463,463,2LZMA,S117A_R119A,MNIFEMLRIDEGLRLKIYKDTEGYYTIGIGHLLTKSPSLNAAKSELDKAIGRNCNGVITKDEAEKLFNQDVDAAVRGILRNAKLKPVYDSLDAVRRCALINMVFQMGETGVAGFTNSLRMLQQKRWDEAAVNLAKSRWYNQTPNRAKRVITTFRTGTWDAYKNL,1.16,0.35408688
464,464,2LZMA,S117I_N132I,MNIFEMLRIDEGLRLKIYKDTEGYYTIGIGHLLTKSPSLNAAKSELDKAIGRNCNGVITKDEAEKLFNQDVDAAVRGILRNAKLKPVYDSLDAVRRCALINMVFQMGETGVAGFTNSLRMLQQKRWDEAAVNLAKSRWYNQTPNRAKRVITTFRTGTWDAYKNL,1.4,1.1101522
465,465,2LZMA,S117I_N132M,MNIFEMLRIDEGLRLKIYKDTEGYYTIGIGHLLTKSPSLNAAKSELDKAIGRNCNGVITKDEAEKLFNQDVDAAVRGILRNAKLKPVYDSLDAVRRCALINMVFQMGETGVAGFTNSLRMLQQKRWDEAAVNLAKSRWYNQTPNRAKRVITTFRTGTWDAYKNL,2.0,1.5788964
466,466,2LZMA,S38D_N144D,MNIFEMLRIDEGLRLKIYKDTEGYYTIGIGHLLTKSPSLNAAKSELDKAIGRNCNGVITKDEAEKLFNQDVDAAVRGILRNAKLKPVYDSLDAVRRCALINMVFQMGETGVAGFTNSLRMLQQKRWDEAAVNLAKSRWYNQTPNRAKRVITTFRTGTWDAYKNL,1.03,-0.046723917
467,467,2LZMA,S90H_Q122D,MNIFEMLRIDEGLRLKIYKDTEGYYTIGIGHLLTKSPSLNAAKSELDKAIGRNCNGVITKDEAEKLFNQDVDAAVRGILRNAKLKPVYDSLDAVRRCALINMVFQMGETGVAGFTNSLRMLQQKRWDEAAVNLAKSRWYNQTPNRAKRVITTFRTGTWDAYKNL,-2.2,-2.1615307
468,468,2LZMA,T115A_R119A,MNIFEMLRIDEGLRLKIYKDTEGYYTIGIGHLLTKSPSLNAAKSELDKAIGRNCNGVITKDEAEKLFNQDVDAAVRGILRNAKLKPVYDSLDAVRRCALINMVFQMGETGVAGFTNSLRMLQQKRWDEAAVNLAKSRWYNQTPNRAKRVITTFRTGTWDAYKNL,-0.17,-0.28289396
469,469,2LZMA,T115A_S117A,MNIFEMLRIDEGLRLKIYKDTEGYYTIGIGHLLTKSPSLNAAKSELDKAIGRNCNGVITKDEAEKLFNQDVDAAVRGILRNAKLKPVYDSLDAVRRCALINMVFQMGETGVAGFTNSLRMLQQKRWDEAAVNLAKSRWYNQTPNRAKRVITTFRTGTWDAYKNL,0.95,0.44091964
470,470,2LZMA,T155A_T157I,MNIFEMLRIDEGLRLKIYKDTEGYYTIGIGHLLTKSPSLNAAKSELDKAIGRNCNGVITKDEAEKLFNQDVDAAVRGILRNAKLKPVYDSLDAVRRCALINMVFQMGETGVAGFTNSLRMLQQKRWDEAAVNLAKSRWYNQTPNRAKRVITTFRTGTWDAYKNL,-4.31,-2.1984286
471,471,2LZMA,V111I_F153L,MNIFEMLRIDEGLRLKIYKDTEGYYTIGIGHLLTKSPSLNAAKSELDKAIGRNCNGVITKDEAEKLFNQDVDAAVRGILRNAKLKPVYDSLDAVRRCALINMVFQMGETGVAGFTNSLRMLQQKRWDEAAVNLAKSRWYNQTPNRAKRVITTFRTGTWDAYKNL,-1.09,-0.6949792
472,472,2LZMA,V131A_N132A,MNIFEMLRIDEGLRLKIYKDTEGYYTIGIGHLLTKSPSLNAAKSELDKAIGRNCNGVITKDEAEKLFNQDVDAAVRGILRNAKLKPVYDSLDAVRRCALINMVFQMGETGVAGFTNSLRMLQQKRWDEAAVNLAKSRWYNQTPNRAKRVITTFRTGTWDAYKNL,0.57,0.714326
473,473,2Q98A,H165A_H172A,MRSQVTLRDLFDRAVVLSHYIHNLSSEMFSEFDKRYTHGRGFITKAINSCHTSSLATPEDKEQAQQMNQKDFLSLIVSILRSWNEPLYHLVTEVRGMQEAPEAILSKAVEIEEQTKRLLERMELIVSQVHPETKENEIYPVWSGLPSLQMADEESRLSAYYNLLHCLRRDSHKIDNYLKLLKCRIIHNNNC,0.65,-0.17903897
474,474,2Q98A,H19A_H172A,MRSQVTLRDLFDRAVVLSHYIHNLSSEMFSEFDKRYTHGRGFITKAINSCHTSSLATPEDKEQAQQMNQKDFLSLIVSILRSWNEPLYHLVTEVRGMQEAPEAILSKAVEIEEQTKRLLERMELIVSQVHPETKENEIYPVWSGLPSLQMADEESRLSAYYNLLHCLRRDSHKIDNYLKLLKCRIIHNNNC,2.315,-0.32115257
475,475,2Q98A,H19A_H22A,MRSQVTLRDLFDRAVVLSHYIHNLSSEMFSEFDKRYTHGRGFITKAINSCHTSSLATPEDKEQAQQMNQKDFLSLIVSILRSWNEPLYHLVTEVRGMQEAPEAILSKAVEIEEQTKRLLERMELIVSQVHPETKENEIYPVWSGLPSLQMADEESRLSAYYNLLHCLRRDSHKIDNYLKLLKCRIIHNNNC,2.44,-0.50117934
476,476,2Q98A,H22A_H165A,MRSQVTLRDLFDRAVVLSHYIHNLSSEMFSEFDKRYTHGRGFITKAINSCHTSSLATPEDKEQAQQMNQKDFLSLIVSILRSWNEPLYHLVTEVRGMQEAPEAILSKAVEIEEQTKRLLERMELIVSQVHPETKENEIYPVWSGLPSLQMADEESRLSAYYNLLHCLRRDSHKIDNYLKLLKCRIIHNNNC,2.615,-0.0050067045
477,477,2Q98A,H22A_H172A,MRSQVTLRDLFDRAVVLSHYIHNLSSEMFSEFDKRYTHGRGFITKAINSCHTSSLATPEDKEQAQQMNQKDFLSLIVSILRSWNEPLYHLVTEVRGMQEAPEAILSKAVEIEEQTKRLLERMELIVSQVHPETKENEIYPVWSGLPSLQMADEESRLSAYYNLLHCLRRDSHKIDNYLKLLKCRIIHNNNC,2.03,-0.21014471
478,478,2RN2A,A52F_V74A,MLKQVEIFTDGSCLGNPGPGGYGAILRYRGREKTFSAGYTRTTNNRMELMAAIVALEALKEHCEVILSTDSQYVRQGITQWIHNWKKRGWKTADKKPVKNVDLWQRLDAALGQHQIKWEWVKGHAGHPENERCDELARAAAMNPTLEDTGYQVEV,-1.4,-2.6109588
479,479,2RN2A,A52F_V74L,MLKQVEIFTDGSCLGNPGPGGYGAILRYRGREKTFSAGYTRTTNNRMELMAAIVALEALKEHCEVILSTDSQYVRQGITQWIHNWKKRGWKTADKKPVKNVDLWQRLDAALGQHQIKWEWVKGHAGHPENERCDELARAAAMNPTLEDTGYQVEV,0.03,-0.6950693
480,480,2RN2A,A52G_V74L,MLKQVEIFTDGSCLGNPGPGGYGAILRYRGREKTFSAGYTRTTNNRMELMAAIVALEALKEHCEVILSTDSQYVRQGITQWIHNWKKRGWKTADKKPVKNVDLWQRLDAALGQHQIKWEWVKGHAGHPENERCDELARAAAMNPTLEDTGYQVEV,-1.4,-1.3114223
481,481,2RN2A,A52I_V74A,MLKQVEIFTDGSCLGNPGPGGYGAILRYRGREKTFSAGYTRTTNNRMELMAAIVALEALKEHCEVILSTDSQYVRQGITQWIHNWKKRGWKTADKKPVKNVDLWQRLDAALGQHQIKWEWVKGHAGHPENERCDELARAAAMNPTLEDTGYQVEV,1.19,0.064208016
482,482,2RN2A,A52I_V74L,MLKQVEIFTDGSCLGNPGPGGYGAILRYRGREKTFSAGYTRTTNNRMELMAAIVALEALKEHCEVILSTDSQYVRQGITQWIHNWKKRGWKTADKKPVKNVDLWQRLDAALGQHQIKWEWVKGHAGHPENERCDELARAAAMNPTLEDTGYQVEV,1.19,0.67400205
483,483,2RN2A,A52L_V74A,MLKQVEIFTDGSCLGNPGPGGYGAILRYRGREKTFSAGYTRTTNNRMELMAAIVALEALKEHCEVILSTDSQYVRQGITQWIHNWKKRGWKTADKKPVKNVDLWQRLDAALGQHQIKWEWVKGHAGHPENERCDELARAAAMNPTLEDTGYQVEV,0.36,-1.117049
484,484,2RN2A,A52L_V74L,MLKQVEIFTDGSCLGNPGPGGYGAILRYRGREKTFSAGYTRTTNNRMELMAAIVALEALKEHCEVILSTDSQYVRQGITQWIHNWKKRGWKTADKKPVKNVDLWQRLDAALGQHQIKWEWVKGHAGHPENERCDELARAAAMNPTLEDTGYQVEV,1.49,1.0276617
485,485,2RN2A,A52V_V74A,MLKQVEIFTDGSCLGNPGPGGYGAILRYRGREKTFSAGYTRTTNNRMELMAAIVALEALKEHCEVILSTDSQYVRQGITQWIHNWKKRGWKTADKKPVKNVDLWQRLDAALGQHQIKWEWVKGHAGHPENERCDELARAAAMNPTLEDTGYQVEV,-0.52,-1.4936678
486,486,2RN2A,A52V_V74L,MLKQVEIFTDGSCLGNPGPGGYGAILRYRGREKTFSAGYTRTTNNRMELMAAIVALEALKEHCEVILSTDSQYVRQGITQWIHNWKKRGWKTADKKPVKNVDLWQRLDAALGQHQIKWEWVKGHAGHPENERCDELARAAAMNPTLEDTGYQVEV,2.43,1.0337265
487,487,2RN2A,D94R_K95G,MLKQVEIFTDGSCLGNPGPGGYGAILRYRGREKTFSAGYTRTTNNRMELMAAIVALEALKEHCEVILSTDSQYVRQGITQWIHNWKKRGWKTADKKPVKNVDLWQRLDAALGQHQIKWEWVKGHAGHPENERCDELARAAAMNPTLEDTGYQVEV,1.5,0.9694004
488,488,2RN2A,E119V_K60R,MLKQVEIFTDGSCLGNPGPGGYGAILRYRGREKTFSAGYTRTTNNRMELMAAIVALEALKEHCEVILSTDSQYVRQGITQWIHNWKKRGWKTADKKPVKNVDLWQRLDAALGQHQIKWEWVKGHAGHPENERCDELARAAAMNPTLEDTGYQVEV,0.63,0.17326985
489,489,2RN2A,K91R_D94E,MLKQVEIFTDGSCLGNPGPGGYGAILRYRGREKTFSAGYTRTTNNRMELMAAIVALEALKEHCEVILSTDSQYVRQGITQWIHNWKKRGWKTADKKPVKNVDLWQRLDAALGQHQIKWEWVKGHAGHPENERCDELARAAAMNPTLEDTGYQVEV,-0.5,-0.119360104
490,490,2RN2A,K91R_K95G,MLKQVEIFTDGSCLGNPGPGGYGAILRYRGREKTFSAGYTRTTNNRMELMAAIVALEALKEHCEVILSTDSQYVRQGITQWIHNWKKRGWKTADKKPVKNVDLWQRLDAALGQHQIKWEWVKGHAGHPENERCDELARAAAMNPTLEDTGYQVEV,1.6,2.0267003
491,491,2RN2A,Q80L_K117R,MLKQVEIFTDGSCLGNPGPGGYGAILRYRGREKTFSAGYTRTTNNRMELMAAIVALEALKEHCEVILSTDSQYVRQGITQWIHNWKKRGWKTADKKPVKNVDLWQRLDAALGQHQIKWEWVKGHAGHPENERCDELARAAAMNPTLEDTGYQVEV,-0.03,0.42206973
492,492,2RN2A,E119V_R41C,MLKQVEIFTDGSCLGNPGPGGYGAILRYRGREKTFSAGYTRTTNNRMELMAAIVALEALKEHCEVILSTDSQYVRQGITQWIHNWKKRGWKTADKKPVKNVDLWQRLDAALGQHQIKWEWVKGHAGHPENERCDELARAAAMNPTLEDTGYQVEV,1.2,1.0605851
493,493,2TRXA,L78C_K90C,SDKIIHLTDDSFDTDVLKADGAILVDFWAEWCGPCKMIAPILDEIADEYQGKLTVAKLNIDQNPGTAPKYGIRGIPTLLLFKNGEVAATKVGALSKGQLKEFLDANLA,-1.4,-1.3631066
494,494,2TRXA,L79C_T89C,SDKIIHLTDDSFDTDVLKADGAILVDFWAEWCGPCKMIAPILDEIADEYQGKLTVAKLNIDQNPGTAPKYGIRGIPTLLLFKNGEVAATKVGALSKGQLKEFLDANLA,1.15,-1.934485
495,495,2TRXA,T77C_V91C,SDKIIHLTDDSFDTDVLKADGAILVDFWAEWCGPCKMIAPILDEIADEYQGKLTVAKLNIDQNPGTAPKYGIRGIPTLLLFKNGEVAATKVGALSKGQLKEFLDANLA,1.15,-1.2729267
496,496,2TS1A,I52L_L105V,MDLLAELQWRGLVNQTTDEDGLRKLLNEERVTLYCGFDPTADSLHIGHLATILTMRRFQQAGHRPIALVGGATGLIGDPSGKKSERTLNAKETVEAWSARIKEQLGRFLDFEADGNPAKIKNNYDWIGPLDVITFLRDVGKHFSVNYMMAKESVQSRIETGISFTEFSYMMLQAYDFLRLYETEGCRLQIGGSDQWGNITAGLELIRKTKGRAFGLTIPLVTKADGTKFGKTESGTIWLDKEKTSPYEFYQFWINTDDRDVIRYLKYFTFLSKEEIEALEQELREAPEKRAAQKTLAEEVTKLVHGEEALRQAIRIS,-1.0,-1.744894
497,497,2WSYA,A18G_I203V,MERYENLFAQLNDRREGAFVPFVTLGDPGIEQSLKIIDTLIDAGADALELGVPTIQNANLRAFAAGVTPAQCFEMLALIREKHPTIPIGLLMYANLVFNNGIDAFYARCEQVGVDSVLVADVPVEESAPFRQAALRHNIAPIFICPPNADDDLLRQVASYGRGYTYLLIEKLKEYHAAPALQGGISSPEQVSAAVRAGAAGAISGSAIVKIIEKNLASPMLAELRSFVSAMKAASRA,-2.85,-1.9624311
498,498,2WSYA,A18V_I203V,MERYENLFAQLNDRREGAFVPFVTLGDPGIEQSLKIIDTLIDAGADALELGVPTIQNANLRAFAAGVTPAQCFEMLALIREKHPTIPIGLLMYANLVFNNGIDAFYARCEQVGVDSVLVADVPVEESAPFRQAALRHNIAPIFICPPNADDDLLRQVASYGRGYTYLLIEKLKEYHAAPALQGGISSPEQVSAAVRAGAAGAISGSAIVKIIEKNLASPMLAELRSFVSAMKAASRA,-1.0,-1.3357555
499,499,2WSYA,Y166Q_L181V,MERYENLFAQLNDRREGAFVPFVTLGDPGIEQSLKIIDTLIDAGADALELGVPTIQNANLRAFAAGVTPAQCFEMLALIREKHPTIPIGLLMYANLVFNNGIDAFYARCEQVGVDSVLVADVPVEESAPFRQAALRHNIAPIFICPPNADDDLLRQVASYGRGYTYLLIEKLKEYHAAPALQGGISSPEQVSAAVRAGAAGAISGSAIVKIIEKNLASPMLAELRSFVSAMKAASRA,0.05,-2.4604976
500,500,2ZTAA,E11Q_K15A,RMKQLEDKVEELLSKNYHLENEVARLKKLVG,-0.14,-1.4328749
501,501,2ZTAA,E20Q_E22Q,RMKQLEDKVEELLSKNYHLENEVARLKKLVG,-1.72,-1.3942435
502,502,2ZTAA,E22Q_K27A,RMKQLEDKVEELLSKNYHLENEVARLKKLVG,-2.8,-1.7722032
503,503,2ZTAA,H18R_N21E,RMKQLEDKVEELLSKNYHLENEVARLKKLVG,0.22,-0.6857484
504,504,2ZTAA,K15A_E20Q,RMKQLEDKVEELLSKNYHLENEVARLKKLVG,0.82,-0.45675772
505,505,2ZTAA,K8A_E11Q,RMKQLEDKVEELLSKNYHLENEVARLKKLVG,-0.57,-1.8798712
506,506,3HHRA,S71A_E74A,FPTIPLSRLFDNAMLRAHRLHQLAFDTYQEFEEAYIPKEQKYSFLQNPQTSLCFSESIPTPSNREETQQKSNLELLRISLLLIQSWLEPVQFLRSVFANSLVYGASDSNVYDLLKDLEEGIQTLMGRLEDGSPRTGQIFKQTYSKFDTDALLKNYGLLYCFRKDMDKVETFLRIVQCRSVEGSCG,-2.22,-2.3170733
507,507,3HHRA,S71Q_E74S,FPTIPLSRLFDNAMLRAHRLHQLAFDTYQEFEEAYIPKEQKYSFLQNPQTSLCFSESIPTPSNREETQQKSNLELLRISLLLIQSWLEPVQFLRSVFANSLVYGASDSNVYDLLKDLEEGIQTLMGRLEDGSPRTGQIFKQTYSKFDTDALLKNYGLLYCFRKDMDKVETFLRIVQCRSVEGSCG,-2.26,-2.54408
508,508,3HHRA,S71V_E74L,FPTIPLSRLFDNAMLRAHRLHQLAFDTYQEFEEAYIPKEQKYSFLQNPQTSLCFSESIPTPSNREETQQKSNLELLRISLLLIQSWLEPVQFLRSVFANSLVYGASDSNVYDLLKDLEEGIQTLMGRLEDGSPRTGQIFKQTYSKFDTDALLKNYGLLYCFRKDMDKVETFLRIVQCRSVEGSCG,-5.91,-2.673111
509,509,3MBPA,G32D_I33P,KIEEGKLVIWINGDKGYNGLAEVGKKFEKDTGIKVTVEHPDKLEEKFPQVAATGDGPDIIFWAHDRFGGYAQSGLLAEITPDKAFQDKLYPFTWDAVRYNGKLIAYPIAVEALSLIYNKDLLPNPPKTWEEIPALDKELKAKGKSALMFNLQEPYFTWPLIAADGGYAFKYENGKYDIKDVGVDNAGAKAGLTFLVDLIKNKHMNADTDYSIAEAAFNKGETAMTINGPWAWSNIDTSKVNYGVTVLPTFKGQPSKPFVGVLSAGINAASPNKELAKEFLENYLLTDEGLEAVNKDKPLGAVALKSYEEELAKDPRIAATMENAQKGEIMPNIPQMSAFWYAVRTAVINAASGRQTVDEALKDAQTRITK,-4.0,-1.8688793
510,510,3PGKA,W308F_W333F,SLSSKLSVQDLDLKDKRVFIRVDFNVPLDGKKITSNQRIVAALPTIKYVLEHHPRYVVLASHLGRPNGERNEKYSLAPVAKELQSLLGKDVTFLNDCVGPEVEAAVKASAPGSVILLENLRYHIEEEGSRKVDGQKVKASKEDVQKFRHELSSLADVYINDAFGTAHRAHSSMVGFDLPQRAAGFLLEKELKYFGKALENPTRPFLAILGGAKVADKIQLIDNLLDKVDSIIIGGGMAFTFKKVLENTEIGDSIFDKAVGPEIAKLMEKAKAKGVEVVLPVDFIIADAFSASANTKTVTDKEGIPAGWQGLDNGPESRKLFAATVAKATVILWNGPPGVFEFEKFAAGTKALLDEVVKSSAAGNTVIIGGGDTATVAKKYGVTDKISHVSTGGGASLELLEGKELPGVAFLSEKK,-7.525,-2.3310676
511,511,3PGKA,Y48W_W308Y,SLSSKLSVQDLDLKDKRVFIRVDFNVPLDGKKITSNQRIVAALPTIKYVLEHHPRYVVLASHLGRPNGERNEKYSLAPVAKELQSLLGKDVTFLNDCVGPEVEAAVKASAPGSVILLENLRYHIEEEGSRKVDGQKVKASKEDVQKFRHELSSLADVYINDAFGTAHRAHSSMVGFDLPQRAAGFLLEKELKYFGKALENPTRPFLAILGGAKVADKIQLIDNLLDKVDSIIIGGGMAFTFKKVLENTEIGDSIFDKAVGPEIAKLMEKAKAKGVEVVLPVDFIIADAFSASANTKTVTDKEGIPAGWQGLDNGPESRKLFAATVAKATVILWNGPPGVFEFEKFAAGTKALLDEVVKSSAAGNTVIIGGGDTATVAKKYGVTDKISHVSTGGGASLELLEGKELPGVAFLSEKK,-0.69,-1.2340312
512,512,3PGKA,Y48W_W333Y,SLSSKLSVQDLDLKDKRVFIRVDFNVPLDGKKITSNQRIVAALPTIKYVLEHHPRYVVLASHLGRPNGERNEKYSLAPVAKELQSLLGKDVTFLNDCVGPEVEAAVKASAPGSVILLENLRYHIEEEGSRKVDGQKVKASKEDVQKFRHELSSLADVYINDAFGTAHRAHSSMVGFDLPQRAAGFLLEKELKYFGKALENPTRPFLAILGGAKVADKIQLIDNLLDKVDSIIIGGGMAFTFKKVLENTEIGDSIFDKAVGPEIAKLMEKAKAKGVEVVLPVDFIIADAFSASANTKTVTDKEGIPAGWQGLDNGPESRKLFAATVAKATVILWNGPPGVFEFEKFAAGTKALLDEVVKSSAAGNTVIIGGGDTATVAKKYGVTDKISHVSTGGGASLELLEGKELPGVAFLSEKK,0.65,-1.114231
513,513,451CA,F34Y_E43Y,EDPEVLFKNKGCVACHAIDTKMVGPAYKDVAAKFAGQAGAEAELAQRIKNGSQGVWGPIPMPPNAVSDDEAQTLAKWVLSQK,-1.21,1.3831491
514,514,451CA,F34Y_Q37R,EDPEVLFKNKGCVACHAIDTKMVGPAYKDVAAKFAGQAGAEAELAQRIKNGSQGVWGPIPMPPNAVSDDEAQTLAKWVLSQK,1.5,0.5433676
515,515,451CA,F7A_V13M,EDPEVLFKNKGCVACHAIDTKMVGPAYKDVAAKFAGQAGAEAELAQRIKNGSQGVWGPIPMPPNAVSDDEAQTLAKWVLSQK,-1.0,0.5217873
516,516,451CA,Q37R_E43Y,EDPEVLFKNKGCVACHAIDTKMVGPAYKDVAAKFAGQAGAEAELAQRIKNGSQGVWGPIPMPPNAVSDDEAQTLAKWVLSQK,0.5,0.911132
517,517,4BLMA,S93C_S230C,DDFAKLEEQFDAKLGIFALDTGTNRTVAYRPDERFAFASTIKALTVGVLLQQKSIEDLNQRITYTRDDLVNYNPITEKHVDTGMTLKELADASLRYSDNAAQNLILKQIGGPESLKKELRKIGDEVTNPERFEPELNEVNPGETQDTSTARALVTSLRAFALEDKLPSEKRELLIDWMKRNTTGDALIRAGVPDGWEVADKTGAASYGTRNDIAIIWPPKGDPVVLAVLSSRDKKDAKYDDKLIAEATKVVMKALN,-0.9,-0.14077999
518,518,4LYZA,D101G_G102P,KVFGRCELAAAMKRHGLDNYRGYSLGNWVCAAKFESNFNTQATNRNTDGSTDYGILQINSRWWCNDGRTPGSRNLCNIPCSALLSSDITASVNCAKKIVSDGNGMNAWVAWRNRCKGTDVQAWIRGCRL,0.9,-0.2944683
519,519,4LYZA,G102A_G104A,KVFGRCELAAAMKRHGLDNYRGYSLGNWVCAAKFESNFNTQATNRNTDGSTDYGILQINSRWWCNDGRTPGSRNLCNIPCSALLSSDITASVNCAKKIVSDGNGMNAWVAWRNRCKGTDVQAWIRGCRL,2.0,-0.8800524
520,520,4LYZA,G117P_T118G,KVFGRCELAAAMKRHGLDNYRGYSLGNWVCAAKFESNFNTQATNRNTDGSTDYGILQINSRWWCNDGRTPGSRNLCNIPCSALLSSDITASVNCAKKIVSDGNGMNAWVAWRNRCKGTDVQAWIRGCRL,-2.6,-0.574116
521,521,4LYZA,I55A_S91T,KVFGRCELAAAMKRHGLDNYRGYSLGNWVCAAKFESNFNTQATNRNTDGSTDYGILQINSRWWCNDGRTPGSRNLCNIPCSALLSSDITASVNCAKKIVSDGNGMNAWVAWRNRCKGTDVQAWIRGCRL,-2.77,-2.9644475
522,522,4LYZA,I55L_S91T,KVFGRCELAAAMKRHGLDNYRGYSLGNWVCAAKFESNFNTQATNRNTDGSTDYGILQINSRWWCNDGRTPGSRNLCNIPCSALLSSDITASVNCAKKIVSDGNGMNAWVAWRNRCKGTDVQAWIRGCRL,1.25,-0.18100771
523,523,4LYZA,I55V_S91A,KVFGRCELAAAMKRHGLDNYRGYSLGNWVCAAKFESNFNTQATNRNTDGSTDYGILQINSRWWCNDGRTPGSRNLCNIPCSALLSSDITASVNCAKKIVSDGNGMNAWVAWRNRCKGTDVQAWIRGCRL,-1.25,-1.1314541
524,524,4LYZA,I55V_S91T,KVFGRCELAAAMKRHGLDNYRGYSLGNWVCAAKFESNFNTQATNRNTDGSTDYGILQINSRWWCNDGRTPGSRNLCNIPCSALLSSDITASVNCAKKIVSDGNGMNAWVAWRNRCKGTDVQAWIRGCRL,0.0,-0.77402496
525,525,4LYZA,I55V_S91V,KVFGRCELAAAMKRHGLDNYRGYSLGNWVCAAKFESNFNTQATNRNTDGSTDYGILQINSRWWCNDGRTPGSRNLCNIPCSALLSSDITASVNCAKKIVSDGNGMNAWVAWRNRCKGTDVQAWIRGCRL,-1.25,-1.1530805
526,526,4LYZA,M12F_L56F,KVFGRCELAAAMKRHGLDNYRGYSLGNWVCAAKFESNFNTQATNRNTDGSTDYGILQINSRWWCNDGRTPGSRNLCNIPCSALLSSDITASVNCAKKIVSDGNGMNAWVAWRNRCKGTDVQAWIRGCRL,1.49,1.5168829
527,527,4LYZA,M12L_L56F,KVFGRCELAAAMKRHGLDNYRGYSLGNWVCAAKFESNFNTQATNRNTDGSTDYGILQINSRWWCNDGRTPGSRNLCNIPCSALLSSDITASVNCAKKIVSDGNGMNAWVAWRNRCKGTDVQAWIRGCRL,1.12,1.6508255
528,528,4LYZA,P70G_G71P,KVFGRCELAAAMKRHGLDNYRGYSLGNWVCAAKFESNFNTQATNRNTDGSTDYGILQINSRWWCNDGRTPGSRNLCNIPCSALLSSDITASVNCAKKIVSDGNGMNAWVAWRNRCKGTDVQAWIRGCRL,-1.0,-1.2625124
529,529,4LYZA,Q121G_A122P,KVFGRCELAAAMKRHGLDNYRGYSLGNWVCAAKFESNFNTQATNRNTDGSTDYGILQINSRWWCNDGRTPGSRNLCNIPCSALLSSDITASVNCAKKIVSDGNGMNAWVAWRNRCKGTDVQAWIRGCRL,-1.7,0.22406605
530,530,4LYZA,Q121P_A122G,KVFGRCELAAAMKRHGLDNYRGYSLGNWVCAAKFESNFNTQATNRNTDGSTDYGILQINSRWWCNDGRTPGSRNLCNIPCSALLSSDITASVNCAKKIVSDGNGMNAWVAWRNRCKGTDVQAWIRGCRL,-2.8,-0.40054613
531,531,4LYZA,T40S_I55V,KVFGRCELAAAMKRHGLDNYRGYSLGNWVCAAKFESNFNTQATNRNTDGSTDYGILQINSRWWCNDGRTPGSRNLCNIPCSALLSSDITASVNCAKKIVSDGNGMNAWVAWRNRCKGTDVQAWIRGCRL,-1.33,-1.4510702
532,532,4LYZA,T40S_S91A,KVFGRCELAAAMKRHGLDNYRGYSLGNWVCAAKFESNFNTQATNRNTDGSTDYGILQINSRWWCNDGRTPGSRNLCNIPCSALLSSDITASVNCAKKIVSDGNGMNAWVAWRNRCKGTDVQAWIRGCRL,-0.87,-0.7159573
533,533,4LYZA,T40S_S91T,KVFGRCELAAAMKRHGLDNYRGYSLGNWVCAAKFESNFNTQATNRNTDGSTDYGILQINSRWWCNDGRTPGSRNLCNIPCSALLSSDITASVNCAKKIVSDGNGMNAWVAWRNRCKGTDVQAWIRGCRL,0.61,-0.6019236
534,534,4LYZA,T40S_S91V,KVFGRCELAAAMKRHGLDNYRGYSLGNWVCAAKFESNFNTQATNRNTDGSTDYGILQINSRWWCNDGRTPGSRNLCNIPCSALLSSDITASVNCAKKIVSDGNGMNAWVAWRNRCKGTDVQAWIRGCRL,-0.53,-1.0159099
535,535,5AZUA,C3A_C26A,AECSVDIQGNDQMQFNTNAITVDKSCKQFTVNLSHPGNLPKNVMGHNWVLSTAADMQGVVTDGMASGLDKDYLKPDDSRVIAHTKLIGSGEKDSVTFDVSKLKEGEQYMFFCTFPGHSALMKGTLTLK,-6.8,-3.918402
